id;business_conference_id;participant_type_id;company_id;company_contact_id;created_at;updated_at;created_by_id;updated_by_id;event_account_id;archived;draft;location;profile_display_name;profile_contact_name;profile_contact_email;profile_website;profile_products_and_services;profile_description;logo_file_name;logo_content_type;logo_file_size;public_registration;profile_extra_fields;attendee_id;blocked_slots;meetings_pending_confirmation_requested_by_me;meetings_rejected_requested_by_me;meetings_confirmed_requested_by_me;meetings_pending_confirmation_requested_to_me;meetings_rejected_requested_to_me;meetings_confirmed_requested_to_me
673768;5528;5986;NULL;NULL;29/01/19 15:45;26/02/19 10:14;6154;6154;218485;0;0;NULL;Silkroad - Cathay Dragon magazine;Mark Tjhung;Mark266@gmail.com;NULL;NULL;NULL;cathaydragon15487947471548794747.png;image/png;2557;0;{};2446179;--- [];0;1;37;0;0;0
673774;5528;5986;NULL;NULL;29/01/19 15:48;29/01/19 15:48;6154;6154;218488;0;0;NULL;Travel+Leisure Southeast Asia;Chris Kucway;Chris141@gmail.com;NULL;NULL;NULL;NULL;NULL;NULL;0;{};2446175;--- [];0;0;37;0;0;0
673786;5528;5986;NULL;NULL;29/01/19 15:48;29/01/19 15:48;6154;6154;218490;0;0;NULL;Freelance;Chris Dwyer;Chris142@gmail.com;NULL;NULL;NULL;NULL;NULL;NULL;0;{};2446176;--- [];0;0;37;0;0;0
673788;5528;5986;NULL;NULL;29/01/19 15:49;29/01/19 15:49;6154;6154;218492;0;0;NULL;Freelance;Jen Murphy;Jen148@gmail.com;NULL;NULL;NULL;NULL;NULL;NULL;0;{};2446177;--- [];0;0;37;0;0;0
673789;5528;5986;NULL;NULL;29/01/19 15:49;29/01/19 15:49;6154;6154;218493;0;0;NULL;TARGET Magazine;Ning Zhang;Ning243@gmail.com;NULL;NULL;NULL;NULL;NULL;NULL;0;{};2446178;--- [];0;0;37;0;0;0
673791;5528;5986;NULL;NULL;29/01/19 15:49;29/01/19 15:49;6154;6154;218495;0;0;NULL;Robb Report Singapore;Shamilee Vellu;Shamilee40@gmail.com;NULL;NULL;NULL;NULL;NULL;NULL;0;{};2446171;--- [];0;0;37;0;0;0
673793;5528;5986;NULL;NULL;29/01/19 15:49;29/01/19 15:49;6154;6154;218496;0;0;NULL;Freelance - Europe / US;Gisela Williams;Gisela82@gmail.com;NULL;NULL;NULL;NULL;NULL;NULL;0;{};2446172;--- [];0;0;37;0;0;0
673795;5528;5986;NULL;NULL;29/01/19 15:49;29/01/19 15:49;6154;6154;218498;0;0;NULL;Ms;Sarah Turner;Sarah90@gmail.com;NULL;NULL;NULL;NULL;NULL;NULL;0;{};2446173;--- [];0;0;36;0;0;0
673797;5528;5986;NULL;NULL;29/01/19 15:50;29/01/19 15:50;6154;6154;218499;0;0;NULL;National Geographic Traveler China;Zhuoqing Li;Zhuoqing140@gmail.com;NULL;NULL;NULL;NULL;NULL;NULL;0;{};2446174;--- [];0;0;36;0;0;0
673799;5528;5986;NULL;NULL;29/01/19 15:50;29/01/19 15:50;6154;6154;218501;0;0;NULL;FT How To Spend It;Maria Shollenbarger;Maria20@gmail.com;NULL;NULL;NULL;NULL;NULL;NULL;0;{};2446167;--- [];0;0;37;0;0;0
673800;5528;5986;NULL;NULL;29/01/19 15:50;29/01/19 15:50;6154;6154;218502;0;0;NULL;Conde Nast Traveller Middle East;Rhea Saran;Rhea21@gmail.com;NULL;NULL;NULL;NULL;NULL;NULL;0;{};2446168;--- [];0;0;36;0;0;0
673802;5528;5986;NULL;NULL;29/01/19 15:50;29/01/19 15:50;6154;6154;218504;0;0;NULL;Bloomberg / Bloomberg Pursuits;Justin Ocean;Justin22@gmail.com;NULL;NULL;NULL;NULL;NULL;NULL;0;{};2446169;--- [];0;0;37;0;0;0
673818;5528;5986;NULL;NULL;29/01/19 15:52;29/01/19 15:52;6154;6154;218508;0;0;NULL;The Travel Almanac;Paul Kominek;Paul38@gmail.com;NULL;NULL;NULL;NULL;NULL;NULL;0;{};2446170;--- [];0;0;37;0;0;0
673820;5528;5986;NULL;NULL;29/01/19 15:52;29/01/19 15:52;6154;6154;218510;0;0;NULL;Freelance;Juliet Kinsman;Juliet5@gmail.com;NULL;NULL;NULL;NULL;NULL;NULL;0;{};2446164;--- [];0;0;37;0;0;0
673821;5528;5986;NULL;NULL;29/01/19 15:52;29/01/19 15:52;6154;6154;218511;0;0;NULL;Voyages Travel Edge;Owen Peng;Owen8@gmail.com;NULL;NULL;NULL;NULL;NULL;NULL;0;{};2446165;--- [];0;0;36;0;0;0
673823;5528;5986;NULL;NULL;29/01/19 15:52;29/01/19 15:52;6154;6154;218513;0;0;NULL;Artemis Communications Ltd;Nicholas Walton;Nicholas9@gmail.com;NULL;NULL;NULL;NULL;NULL;NULL;0;{};2446166;--- [];0;0;36;0;0;0
673824;5528;5985;NULL;NULL;29/01/19 15:52;29/01/19 15:52;6154;6154;218514;0;0;NULL;The Turquoise Holiday Company;Rachel Gleave;Rachel273@gmail.com;NULL;NULL;NULL;NULL;NULL;NULL;0;{};2446153;--- [];0;0;37;0;0;0
673825;5528;5985;NULL;NULL;29/01/19 15:53;29/01/19 15:53;6154;6154;218515;0;0;NULL;Seven Skies;Nathan Wedding;Nathan277@gmail.com;NULL;NULL;NULL;NULL;NULL;NULL;0;{};2446154;--- [];0;0;37;0;0;0
673827;5528;5985;NULL;NULL;29/01/19 15:53;29/01/19 15:53;6154;6154;218517;0;0;NULL;Travel Beyond;Dianna Upton;Dianna278@gmail.com;NULL;NULL;NULL;NULL;NULL;NULL;0;{};2446155;--- [];0;0;37;0;0;0
673829;5528;5985;NULL;NULL;29/01/19 15:53;29/01/19 15:53;6154;6154;218519;0;0;NULL;Roam Travel Company;Charlotte Barillier;Charlotte259@gmail.com;NULL;NULL;NULL;NULL;NULL;NULL;0;{};2446148;--- [];0;0;37;0;0;0
673830;5528;5985;NULL;NULL;29/01/19 15:53;29/01/19 15:53;6154;6154;218520;0;0;NULL;RX Travel;Khayyam Safarli;Khayyam260@gmail.com;NULL;NULL;NULL;NULL;NULL;NULL;0;{};2446149;--- [];0;0;37;0;0;0
673833;5528;5985;NULL;NULL;29/01/19 15:53;29/01/19 15:53;6154;6154;218522;0;0;NULL;Blue Travel;Ricardo Cunha;Ricardo261@gmail.com;NULL;NULL;NULL;NULL;NULL;NULL;0;{};2446151;--- [];0;0;37;0;0;0
673834;5528;5985;NULL;NULL;29/01/19 15:53;29/01/19 15:53;6154;6154;218523;0;0;NULL;Forest Travel Agency;Miriam Omphroy;Miriam262@gmail.com;NULL;NULL;NULL;NULL;NULL;NULL;0;{};2446152;--- [];0;0;37;0;0;0
673836;5528;5985;NULL;NULL;29/01/19 15:54;29/01/19 15:54;6154;6154;218524;0;0;NULL;Signature by Anne Candy;Anne Candy;Anne257@gmail.com;NULL;NULL;NULL;NULL;NULL;NULL;0;{};2446146;--- [];0;0;37;0;0;0
673853;5528;5985;NULL;NULL;29/01/19 15:55;29/01/19 15:55;6154;6154;218527;0;0;NULL;Makson Travels;Vikram Kajaria;Vikram258@gmail.com;NULL;NULL;NULL;NULL;NULL;NULL;0;{};2446147;--- [];0;0;37;0;0;0
673854;5528;5985;NULL;NULL;29/01/19 15:55;29/01/19 15:55;6154;6154;218528;0;0;NULL;Portfolio Travel;Pedro Camara;Pedro253@gmail.com;NULL;NULL;NULL;NULL;NULL;NULL;0;{};2446142;--- [];0;0;36;0;0;0
673857;5528;5985;NULL;NULL;29/01/19 15:55;29/01/19 15:55;6154;6154;218531;0;0;NULL;Luna Mellis Travel;Djurdja Vidovic;Djurdja254@gmail.com;NULL;NULL;NULL;NULL;NULL;NULL;0;{};2446143;--- [];0;0;36;0;0;0
673858;5528;5985;NULL;NULL;29/01/19 15:55;29/01/19 15:55;6154;6154;218532;0;0;NULL;Ilex Luxury Travel;Holly Monahan;Holly255@gmail.com;NULL;NULL;NULL;NULL;NULL;NULL;0;{};2446144;--- [];0;0;36;0;0;0
673860;5528;5985;NULL;NULL;29/01/19 15:56;29/01/19 15:56;6154;6154;218534;0;0;NULL;Seven Senses Tours;Balazs Robert Somogyi;BalazsRobert256@gmail.com;NULL;NULL;NULL;NULL;NULL;NULL;0;{};2446145;--- [];0;0;36;0;0;0
673861;5528;5985;NULL;NULL;29/01/19 15:55;29/01/19 15:55;6154;6154;218535;0;0;NULL;Wild China / Beshan;Charlotte Huang;Charlotte249@gmail.com;NULL;NULL;NULL;NULL;NULL;NULL;0;{};2446138;--- [];0;0;36;0;0;0
673862;5528;5985;NULL;NULL;29/01/19 15:56;29/01/19 15:56;6154;6154;218536;0;0;NULL;Sparkle Tour;Aymeric Naudin;Aymeric250@gmail.com;NULL;NULL;NULL;NULL;NULL;NULL;0;{};2446139;--- [];0;0;37;0;0;0
673865;5528;5985;NULL;NULL;29/01/19 15:56;29/01/19 15:56;6154;6154;218538;0;0;NULL;CRIL Privee & Cie.;Masami Kono;Masami251@gmail.com;NULL;NULL;NULL;NULL;NULL;NULL;0;{};2446140;--- [];0;0;37;0;0;0
673866;5528;5985;NULL;NULL;29/01/19 15:56;29/01/19 15:56;6154;6154;218539;0;0;NULL;Diario De Bordo;Luciane Garcia;Luciane252@gmail.com;NULL;NULL;NULL;NULL;NULL;NULL;0;{};2446141;--- [];0;0;36;0;0;0
673868;5528;5985;NULL;NULL;29/01/19 15:57;29/01/19 15:57;6154;6154;218540;0;0;NULL;über China;Boris Yu;Boris245@gmail.com;NULL;NULL;NULL;NULL;NULL;NULL;0;{};2446134;--- [];0;0;36;0;0;0
673869;5528;5985;NULL;NULL;29/01/19 15:57;29/01/19 15:57;6154;6154;218541;0;0;NULL;Atlanta Tour;Marcelo Auada;Marcelo246@gmail.com;NULL;NULL;NULL;NULL;NULL;NULL;0;{};2446135;--- [];0;0;36;0;0;0
673870;5528;5985;NULL;NULL;29/01/19 15:57;29/01/19 15:57;6154;6154;218542;0;0;NULL;Bru & Bru Exclusive Travel Designer SL;Ana Bru;Ana247@gmail.com;NULL;NULL;NULL;NULL;NULL;NULL;0;{};2446136;--- [];0;0;36;0;0;0
673888;5528;5985;NULL;NULL;29/01/19 15:59;29/01/19 15:59;6154;6154;218543;0;0;NULL;Amala Destinations;Nicholas Anand Pereira;NicholasAnand232@gmail.com;NULL;NULL;NULL;NULL;NULL;NULL;0;{};2446126;--- [];0;0;36;0;0;0
673889;5528;5985;NULL;NULL;29/01/19 15:59;29/01/19 15:59;6154;6154;218544;0;0;NULL;Swan Turismo;Luciana Peredo;Luciana233@gmail.com;NULL;NULL;NULL;NULL;NULL;NULL;0;{};2446127;--- [];0;0;36;0;0;0
673891;5528;5985;NULL;NULL;29/01/19 15:59;29/01/19 15:59;6154;6154;218545;0;0;NULL;Belo Viaje Sa De CV;Guerra  Saldivar Ana Cristina;GuerraSaldivarAna234@gmail.com;NULL;NULL;NULL;NULL;NULL;NULL;0;{};2446128;--- [];0;0;36;0;0;0
673893;5528;5985;NULL;NULL;29/01/19 15:59;29/01/19 15:59;6154;6154;218546;0;0;NULL;Experience Travel Group;Matthew Brazier;Matthew235@gmail.com;NULL;NULL;NULL;NULL;NULL;NULL;0;{};2446129;--- [];0;0;36;0;0;0
673894;5528;5985;NULL;NULL;29/01/19 15:59;29/01/19 15:59;6154;6154;218547;0;0;NULL;Alma Burton;Nicole Li;Nicole216@gmail.com;NULL;NULL;NULL;NULL;NULL;NULL;0;{};2446122;--- [];0;0;36;0;0;0
673895;5528;5985;NULL;NULL;29/01/19 15:59;29/01/19 15:59;6154;6154;218548;0;0;NULL;Beyond X Boundaries;David Song;David217@gmail.com;NULL;NULL;NULL;NULL;NULL;NULL;0;{};2446123;--- [];0;0;36;0;0;0
673897;5528;5985;NULL;NULL;29/01/19 15:59;29/01/19 15:59;6154;6154;218549;0;0;NULL;Remote Lands;Victoria Hilley;Victoria218@gmail.com;NULL;NULL;NULL;NULL;NULL;NULL;0;{};2446124;--- [];0;0;36;0;0;0
673899;5528;5985;NULL;NULL;29/01/19 16:00;29/01/19 16:00;6154;6154;218550;0;0;NULL;Especia Travel Design;Aurora Morilla;Aurora248@gmail.com;NULL;NULL;NULL;NULL;NULL;NULL;0;{};2446137;--- [];0;0;36;0;0;0
673900;5528;5985;NULL;NULL;29/01/19 16:00;29/01/19 16:00;6154;6154;218551;0;0;NULL;The Rocksure Club;Davina Roberts;Davina236@gmail.com;NULL;NULL;NULL;NULL;NULL;NULL;0;{};2446130;--- [];0;0;36;0;0;0
673902;5528;5985;NULL;NULL;29/01/19 16:00;29/01/19 16:00;6154;6154;218552;0;0;NULL;Ethos Travel;Sam Collins;Sam237@gmail.com;NULL;NULL;NULL;NULL;NULL;NULL;0;{};2446131;--- [];0;0;36;0;0;0
673903;5528;5985;NULL;NULL;29/01/19 16:00;29/01/19 16:00;6154;6154;218553;0;0;NULL;Greatways Travel;Phoebe Weinberg;Phoebe238@gmail.com;NULL;NULL;NULL;NULL;NULL;NULL;0;{};2446132;--- [];0;0;36;0;0;0
673905;5528;5985;NULL;NULL;29/01/19 16:01;29/01/19 16:01;6154;6154;218554;0;0;NULL;Travel In Style;Devan Jobanputra;Devan244@gmail.com;NULL;NULL;NULL;NULL;NULL;NULL;0;{};2446133;--- [];0;0;37;0;0;0
673918;5528;5981;NULL;NULL;29/01/19 16:04;29/01/19 16:04;6154;6154;218556;0;0;NULL;Evolve Back Kabini;Cherian Thomas Ramapuram;CherianThomas34@gmail.com;NULL;NULL;NULL;NULL;NULL;NULL;0;"{6860"":[""Argentina""],""6861"":[""Coastline Travel Advisors"",""Condé Nast Traveller Top Agent""],""6862"":""26 – 79 rooms""}""";2445857;--- [];0;0;0;0;0;42
673922;5528;5981;NULL;NULL;29/01/19 16:05;29/01/19 16:05;6154;6154;218557;0;0;NULL;Evolve Back Hampi;Jose Thomas Ramapuram;JoseThomas33@gmail.com;NULL;NULL;NULL;NULL;NULL;NULL;0;"{6860"":[""Afghanistan""],""6861"":[""Sir Rocco’s Knights"",""Condé Nast Traveller Top Agent""],""6862"":""80 – 150 rooms""}""";2445856;--- [];0;0;1;0;0;41
673984;5528;5981;NULL;NULL;29/01/19 16:24;29/01/19 16:24;6154;6154;218576;0;0;NULL;Ametis Villa Bali;Akiko Yoshioka;Akiko54@gmail.com;NULL;NULL;NULL;NULL;NULL;NULL;0;"{6860"":[""Andorra""],""6861"":[""Couture by Langham""],""6862"":""26 – 79 rooms""}""";2445867;--- [];0;0;1;0;0;41
673994;5528;5985;NULL;NULL;29/01/19 16:25;29/01/19 16:25;6154;6154;218582;0;0;NULL;Escapes;Niki Stanford;Niki231@gmail.com;NULL;NULL;NULL;NULL;NULL;NULL;0;{};2446125;--- [];0;0;36;0;0;0
674007;5528;5985;NULL;NULL;29/01/19 16:26;29/01/19 16:26;6154;6154;218583;0;0;NULL;Pomalo Travel;Mona Khalil;Mona184@gmail.com;NULL;NULL;NULL;NULL;NULL;NULL;0;{};2446118;--- [];0;0;36;0;0;0
674009;5528;5985;NULL;NULL;29/01/19 16:26;29/01/19 16:26;6154;6154;218584;0;0;NULL;Concierge Vacations Inc.;Kiron Dhaliwal;Kiron200@gmail.com;NULL;NULL;NULL;NULL;NULL;NULL;0;{};2446119;--- [];0;0;36;0;0;0
674015;5528;5985;NULL;NULL;29/01/19 16:26;29/01/19 16:26;6154;6154;218585;0;0;NULL;Viajes Intermex;Adela Raffoul;Adela215@gmail.com;NULL;NULL;NULL;NULL;NULL;NULL;0;{};2446121;--- [];0;0;36;0;0;0
674027;5528;5985;NULL;NULL;29/01/19 16:27;29/01/19 16:27;6154;6154;218586;0;0;NULL;MTA Mobile Travel Agents;Kirsty Thomas-Thoeun;Kirsty201@gmail.com;NULL;NULL;NULL;NULL;NULL;NULL;0;{};2446120;--- [];0;0;36;0;0;0
674028;5528;5985;NULL;NULL;29/01/19 16:27;29/01/19 16:27;6154;6154;218587;0;0;NULL;Matrix Travel Adventure;Michelle Li;Michelle168@gmail.com;NULL;NULL;NULL;NULL;NULL;NULL;0;{};2446114;--- [];0;0;36;0;0;0
674030;5528;5985;NULL;NULL;29/01/19 16:27;29/01/19 16:27;6154;6154;218588;0;0;NULL;Teestyle;Yu Suzawa;Yu169@gmail.com;NULL;NULL;NULL;NULL;NULL;NULL;0;{};2446115;--- [];0;0;36;0;0;0
674032;5528;5985;NULL;NULL;29/01/19 16:28;29/01/19 16:28;6154;6154;218589;0;0;NULL;International Travel Information Services;Kitty Mou;Kitty175@gmail.com;NULL;NULL;NULL;NULL;NULL;NULL;0;{};2446117;--- [];0;0;36;0;0;0
674033;5528;5981;NULL;NULL;29/01/19 16:27;29/01/19 16:27;6154;6154;218590;0;0;NULL;Hokkaido Treasure Island Travel;Yuki Homma;Yuki55@gmail.com;NULL;NULL;NULL;NULL;NULL;NULL;0;"{6860"":[""Argentina""],""6861"":[""Signature"",""Sofitel Step""],""6862"":""Over 300 room""}""";2445868;--- [];0;0;0;0;0;42
674035;5528;5985;NULL;NULL;29/01/19 16:28;29/01/19 16:28;6154;6154;218591;0;0;NULL;Royal Club;Yana Bauer;Yana170@gmail.com;NULL;NULL;NULL;NULL;NULL;NULL;0;{};2446116;--- [];0;0;36;0;0;0
674037;5528;5985;NULL;NULL;29/01/19 16:28;29/01/19 16:28;6154;6154;218593;0;0;NULL;Bamboo Travel;Tim Milner;Tim158@gmail.com;NULL;NULL;NULL;NULL;NULL;NULL;0;{};2446110;--- [];0;0;36;0;0;0
674040;5528;5981;NULL;NULL;29/01/19 16:28;29/01/19 16:28;6154;6154;218594;0;0;NULL;Capella Ubud;Simone Broekhaar;Simone50@gmail.com;NULL;NULL;NULL;NULL;NULL;NULL;0;"{6860"":[""Armenia""],""6861"":[""Coastline Travel Advisors"",""Smartflyer""],""6862"":""26 – 79 rooms""}""";2445863;--- [];0;0;2;0;0;40
674042;5528;5985;NULL;NULL;29/01/19 16:28;29/01/19 16:28;6154;6154;218595;0;0;NULL;Tripscaper;Eric Monkaba;Eric166@gmail.com;NULL;NULL;NULL;NULL;NULL;NULL;0;{};2446112;--- [];0;0;36;0;0;0
674044;5528;5985;NULL;NULL;29/01/19 16:28;29/01/19 16:28;6154;6154;218596;0;0;NULL;Inspiring Travel Company;Erica Moore;Erica161@gmail.com;NULL;NULL;NULL;NULL;NULL;NULL;0;{};2446111;--- [];0;0;36;0;0;0
674052;5528;5981;NULL;NULL;29/01/19 16:29;29/01/19 16:29;6154;6154;218597;0;0;NULL;Rayavadee & Tamarind Village;Ratsameekhae Thavon;Ratsameekhae57@gmail.com;NULL;NULL;NULL;NULL;NULL;NULL;0;"{6860"":[""Angola""],""6861"":[""Sir Rocco’s Knights"",""Condé Nast Traveller Top Agent""],""6862"":""11 – 25 rooms""}""";2445869;--- [];0;0;1;0;0;41
674063;5528;5981;NULL;NULL;29/01/19 16:29;29/01/19 16:29;6154;6154;218601;0;0;NULL;Katamama;Alejandro Rueda;Alejandro51@gmail.com;NULL;NULL;NULL;NULL;NULL;NULL;0;"{6860"":[""Argentina""],""6861"":[""Coastline Travel Advisors""],""6862"":""80 – 150 rooms""}""";2445864;--- [];0;0;1;0;0;41
674064;5528;5985;NULL;NULL;29/01/19 16:29;29/01/19 16:29;6154;6154;218602;0;0;NULL;Wexas;Esther Ward;Esther167@gmail.com;NULL;NULL;NULL;NULL;NULL;NULL;0;{};2446113;--- [];0;0;36;0;0;0
674065;5528;5985;NULL;NULL;29/01/19 16:30;29/01/19 16:30;6154;6154;218603;0;0;NULL;Let's Travel Service Co;Emma Chang;Emma151@gmail.com;NULL;NULL;NULL;NULL;NULL;NULL;0;{};2446106;--- [];0;0;36;0;0;0
674067;5528;5985;NULL;NULL;29/01/19 16:29;29/01/19 16:29;6154;6154;218605;0;0;NULL;Millis Potter;Marcus Potter;Marcus152@gmail.com;NULL;NULL;NULL;NULL;NULL;NULL;0;{};2446107;--- [];0;0;36;0;0;0
674068;5528;5981;NULL;NULL;29/01/19 16:30;29/01/19 16:30;6154;6154;218606;0;0;NULL;ICS Travel Group;Ian Paul Woods;IanPaul52@gmail.com;NULL;NULL;NULL;NULL;NULL;NULL;0;"{6860"":[""Antigua and Barbuda""],""6861"":[""Sir Rocco’s Knights"",""Smartflyer""],""6862"":""80 – 150 rooms""}""";2445865;--- [];0;0;2;0;0;40
674071;5528;5985;NULL;NULL;29/01/19 16:30;29/01/19 16:30;6154;6154;218609;0;0;NULL;Ker and Downey;Vanessa Niven;Vanessa144@gmail.com;NULL;NULL;NULL;NULL;NULL;NULL;0;{};2446102;--- [];0;0;36;0;0;0
674072;5528;5985;NULL;NULL;29/01/19 16:30;29/01/19 16:30;6154;6154;218610;0;0;NULL;Kiboko Voyages;Natalia Tavera;Natalia157@gmail.com;NULL;NULL;NULL;NULL;NULL;NULL;0;{};2446109;--- [];0;0;36;0;0;0
674073;5528;5981;NULL;NULL;29/01/19 16:30;29/01/19 16:30;6154;6154;218611;0;0;NULL;Samujana;Karen Slocombe;Karen43@gmail.com;NULL;NULL;NULL;NULL;NULL;NULL;0;"{6860"":[""Andorra""],""6861"":[""Sofitel Step""],""6862"":""80 – 150 rooms""}""";2445858;--- [];0;0;1;0;0;41
674074;5528;5985;NULL;NULL;29/01/19 16:30;29/01/19 16:30;6154;6154;218612;0;0;NULL;Steppes Travel;Sally Walters;Sally153@gmail.com;NULL;NULL;NULL;NULL;NULL;NULL;0;{};2446108;--- [];0;0;35;0;0;1
674076;5528;5985;NULL;NULL;29/01/19 16:30;29/01/19 16:30;6154;6154;218613;0;0;NULL;Art of Travel GmbH;Oliver Engelhardt;Oliver145@gmail.com;NULL;NULL;NULL;NULL;NULL;NULL;0;{};2446103;--- [];0;0;36;0;0;0
674078;5528;5985;NULL;NULL;29/01/19 16:30;29/01/19 16:30;6154;6154;218615;0;0;NULL;Bigeyes International Travel Service Co;LiwenVivien Zhang;LiwenVivien149@gmail.com;NULL;NULL;NULL;NULL;NULL;NULL;0;{};2446104;--- [];0;0;35;0;0;1
674079;5528;5981;NULL;NULL;29/01/19 16:30;29/01/19 16:30;6154;6154;218616;0;0;NULL;WildChina;Jenny Zhao;Jenny44@gmail.com;NULL;NULL;NULL;NULL;NULL;NULL;0;"{6860"":[""Antigua and Barbuda""],""6861"":[""Coastline Travel Advisors"",""Smartflyer""],""6862"":""11 – 25 rooms""}""";2445859;--- [];0;0;0;0;0;42
674081;5528;5985;NULL;NULL;29/01/19 16:31;29/01/19 16:31;6154;6154;218617;0;0;NULL;Vanilla Travel;Unda Putane;Unda150@gmail.com;NULL;NULL;NULL;NULL;NULL;NULL;0;{};2446105;--- [];0;0;36;0;0;1
674083;5528;5985;NULL;NULL;29/01/19 16:31;29/01/19 16:31;6154;6154;218619;0;0;NULL;Finisterra Travel;Keri Montgomery;Keri135@gmail.com;NULL;NULL;NULL;NULL;NULL;NULL;0;{};2446100;--- [];0;0;35;0;0;1
674084;5528;5981;NULL;NULL;29/01/19 16:31;29/01/19 16:31;6154;6154;218620;0;0;NULL;The Landmark Mandarin Oriental, Hong Kong;Edith Lee;Edith45@gmail.com;NULL;NULL;NULL;NULL;NULL;NULL;0;"{6860"":[""Andorra""],""6861"":[""Sofitel Step""],""6862"":""11 – 25 rooms""}""";2445860;--- [];0;0;1;0;0;41
674085;5528;5985;NULL;NULL;29/01/19 16:31;29/01/19 16:31;6154;6154;218621;0;0;NULL;Footprints Custom Travel;Tov Mason;Tov143@gmail.com;NULL;NULL;NULL;NULL;NULL;NULL;0;{};2446101;--- [];0;0;36;0;0;0
674087;5528;5985;NULL;NULL;29/01/19 16:31;29/01/19 16:31;6154;6154;218623;0;0;NULL;Mako Travel Canada;Maria Ko;Maria131@gmail.com;NULL;NULL;NULL;NULL;NULL;NULL;0;{};2446096;--- [];0;0;36;0;0;0
674089;5528;5981;NULL;NULL;29/01/19 16:31;29/01/19 16:31;6154;6154;218624;0;0;NULL;The Anam - The Villas;Martin Koerner;Martin46@gmail.com;NULL;NULL;NULL;NULL;NULL;NULL;0;"{6860"":[""Afghanistan""],""6861"":[""Coastline Travel Advisors"",""Sir Rocco’s Knights""],""6862"":""26 – 79 rooms""}""";2445861;--- [];0;0;0;0;0;42
674101;5528;5981;NULL;NULL;29/01/19 16:31;29/01/19 16:31;6154;6154;218626;0;0;NULL;Heritance Aarah;Suresh Dissanayake;Suresh13@gmail.com;NULL;NULL;NULL;NULL;NULL;NULL;0;"{6860"":[""Albania""],""6861"":[""Coastline Travel Advisors"",""Sofitel Step""],""6862"":""26 – 79 rooms""}""";2445854;--- [];0;0;0;0;0;42
674109;5528;5981;NULL;NULL;29/01/19 16:32;29/01/19 16:32;6154;6154;218628;0;0;NULL;The House Collective by Swire Hotels;Chrissie Lincoln;Chrissie32@gmail.com;NULL;NULL;NULL;NULL;NULL;NULL;0;"{6860"":[""Angola""],""6861"":[""Coastline Travel Advisors""],""6862"":""151 – 300 rooms""}""";2445855;--- [];0;0;0;0;0;42
674110;5528;5985;NULL;NULL;29/01/19 16:32;29/01/19 16:32;6154;6154;218629;0;0;NULL;TTFN;Natasha Brouwer;Natasha132@gmail.com;NULL;NULL;NULL;NULL;NULL;NULL;0;{};2446097;--- [];0;0;36;0;0;0
674113;5528;5985;NULL;NULL;29/01/19 16:32;29/01/19 16:32;6154;6154;218630;0;0;NULL;Quivertree Family Expeditions;Philip Nurick;Philip127@gmail.com;NULL;NULL;NULL;NULL;NULL;NULL;0;{};2446092;--- [];0;0;36;0;0;0
674114;5528;5985;NULL;NULL;29/01/19 16:32;29/01/19 16:32;6154;6154;218631;0;0;NULL;Passepartout Travel;Laura Jeffrey;Laura130@gmail.com;NULL;NULL;NULL;NULL;NULL;NULL;0;{};2446095;--- [];0;0;36;0;0;0
674115;5528;5985;NULL;NULL;29/01/19 16:33;29/01/19 16:33;6154;6154;218632;0;0;NULL;IDI Travel / Mikrotour Viaggi;Michelangelo Martorello;Michelangelo125@gmail.com;NULL;NULL;NULL;NULL;NULL;NULL;0;{};2446090;--- [];0;0;36;0;0;0
674116;5528;5985;NULL;NULL;29/01/19 16:33;29/01/19 16:33;6154;6154;218633;0;0;NULL;Uniq Luxe;Huiting Lim;Huiting126@gmail.com;NULL;NULL;NULL;NULL;NULL;NULL;0;{};2446091;--- [];0;0;36;0;0;0
674118;5528;5985;NULL;NULL;29/01/19 16:33;29/01/19 16:33;6154;6154;218634;0;0;NULL;Experiential Travel Journeys;Amit Kalsi;Amit123@gmail.com;NULL;NULL;NULL;NULL;NULL;NULL;0;{};2446088;--- [];0;0;36;0;0;0
674119;5528;5985;NULL;NULL;29/01/19 16:34;29/01/19 16:34;6154;6154;218635;0;0;NULL;Zanadu;Xiao Xie;Xiao128@gmail.com;NULL;NULL;NULL;NULL;NULL;NULL;0;{};2446093;--- [];0;0;36;0;0;0
674121;5528;5985;NULL;NULL;29/01/19 16:33;29/01/19 16:33;6154;6154;218636;0;0;NULL;Journeys Within, A Wild Frontiers Company;April Cole;April133@gmail.com;NULL;NULL;NULL;NULL;NULL;NULL;0;{};2446098;--- [];0;0;36;0;0;0
674122;5528;5985;NULL;NULL;29/01/19 16:34;29/01/19 16:34;6154;6154;218637;0;0;NULL;Chic Locations;David Kevan;David134@gmail.com;NULL;NULL;NULL;NULL;NULL;NULL;0;{};2446099;--- [];0;0;36;0;0;0
674124;5528;5985;NULL;NULL;29/01/19 16:34;29/01/19 16:34;6154;6154;218639;0;0;NULL;Asia Reps;Cecilia Venegas;Cecilia129@gmail.com;NULL;NULL;NULL;NULL;NULL;NULL;0;{};2446094;--- [];0;0;35;0;0;1
674125;5528;5985;NULL;NULL;29/01/19 16:34;29/01/19 16:34;6154;6154;218640;0;0;NULL;Indagare Travel;Janine Yu;Janine124@gmail.com;NULL;NULL;NULL;NULL;NULL;NULL;0;{};2446089;--- [];0;0;36;0;0;0
674126;5528;5985;NULL;NULL;29/01/19 16:34;29/01/19 16:34;6154;6154;218641;0;0;NULL;Quotient TravelPlanner;Hui-Juan Lim;Hui-Juan119@gmail.com;NULL;NULL;NULL;NULL;NULL;NULL;0;{};2446084;--- [];0;0;36;0;0;1
674154;5528;5981;NULL;NULL;29/01/19 16:35;29/01/19 16:35;6154;6154;218644;0;0;NULL;Bhutan - Etho Metho Tours & Treks Pvt Ltd;Dago Beda;Dago87@gmail.com;NULL;NULL;NULL;NULL;NULL;NULL;0;"{6862"":""""}""";2445879;--- [];0;0;3;0;0;39
674155;5528;5985;NULL;NULL;29/01/19 16:35;29/01/19 16:35;6154;6154;218645;0;0;NULL;Abercrombie & Kent;Hannah Wu;Hannah120@gmail.com;NULL;NULL;NULL;NULL;NULL;NULL;0;{};2446085;--- [];0;0;36;0;0;1
674156;5528;5985;NULL;NULL;29/01/19 16:35;29/01/19 16:35;6154;6154;218646;0;0;NULL;Passported;Leslie Overton;Leslie108@gmail.com;NULL;NULL;NULL;NULL;NULL;NULL;0;{};2446080;--- [];0;0;35;0;0;1
674157;5528;5981;NULL;NULL;29/01/19 16:35;29/01/19 16:35;6154;6154;218647;0;0;NULL;Alila Wuzhen & Alila Anji;Jack Widagdo;Jack88@gmail.com;NULL;NULL;NULL;NULL;NULL;NULL;0;"{6862"":""""}""";2445880;--- [];0;0;1;0;0;41
674158;5528;5985;NULL;NULL;29/01/19 16:35;29/01/19 16:35;6154;6154;218648;0;0;NULL;TravelPA;Paul van Harten;Paul118@gmail.com;NULL;NULL;NULL;NULL;NULL;NULL;0;{};2446083;--- [];0;0;36;0;0;0
674159;5528;5981;NULL;NULL;29/01/19 16:36;29/01/19 16:36;6154;6154;218649;0;0;NULL;Seven Stars in Kyushu - Kyushu Railway Company;Kei Taro Osajima;KeiTaro89@gmail.com;NULL;NULL;NULL;NULL;NULL;NULL;0;"{6862"":""""}""";2445881;--- [];0;0;1;0;0;41
674160;5528;5985;NULL;NULL;29/01/19 16:36;29/01/19 16:36;6154;6154;218650;0;0;NULL;Au Tigre Vanillé;Pierre Jaccard;Pierre106@gmail.com;NULL;NULL;NULL;NULL;NULL;NULL;0;{};2446078;--- [];0;0;36;0;0;0
674162;5528;5981;NULL;NULL;29/01/19 16:36;29/01/19 16:36;6154;6154;218651;0;0;NULL;Imperial Tours;Guy Rubin;Guy63@gmail.com;NULL;NULL;NULL;NULL;NULL;NULL;0;"{6862"":""""}""";2445874;--- [];0;0;0;0;0;42
674163;5528;5985;NULL;NULL;29/01/19 16:36;29/01/19 16:36;6154;6154;218652;0;0;NULL;iyooyoo Network Technology;Fei Yue;Fei107@gmail.com;NULL;NULL;NULL;NULL;NULL;NULL;0;{};2446079;--- [];0;0;36;0;0;0
674164;5528;5981;NULL;NULL;29/01/19 16:36;29/01/19 16:36;6154;6154;218653;0;0;NULL;Mandapa, a Ritz-Carlton Reserve & Phulay Bay, a Ritz-Carlton Reserve;Vincent Pauchon;Vincent64@gmail.com;NULL;NULL;NULL;NULL;NULL;NULL;0;"{6862"":""""}""";2445875;--- [];0;0;1;0;0;41
674165;5528;5985;NULL;NULL;29/01/19 16:36;29/01/19 16:36;6154;6154;218654;0;0;NULL;Jason Travel Service;Branden Suh;Branden92@gmail.com;NULL;NULL;NULL;NULL;NULL;NULL;0;{};2446076;--- [];0;0;36;0;0;0
674166;5528;5981;NULL;NULL;29/01/19 16:36;29/01/19 16:36;6154;6154;218655;0;0;NULL;Alba Wellness Resort Hue;Daniel Duc Nguyen;Daniel80@gmail.com;NULL;NULL;NULL;NULL;NULL;NULL;0;"{6862"":""""}""";2445876;--- [];0;0;0;0;0;42
674167;5528;5985;NULL;NULL;29/01/19 16:36;29/01/19 16:36;6154;6154;218656;0;0;NULL;Link Overseas Travel;Gonzalo Diaz Mondria;Gonzalo109@gmail.com;NULL;NULL;NULL;NULL;NULL;NULL;0;{};2446081;--- [];0;0;36;0;0;0
674168;5528;5981;NULL;NULL;29/01/19 16:36;29/01/19 16:36;6154;6154;218657;0;0;NULL;Cheval Blanc Randheli by LVMH;Jean-Philippe Laugier;Jean-Philippe81@gmail.com;NULL;NULL;NULL;NULL;NULL;NULL;0;"{6862"":""""}""";2445877;--- [];0;0;0;0;0;42
674169;5528;5985;NULL;NULL;29/01/19 16:36;29/01/19 16:36;6154;6154;218658;0;0;NULL;Zhixing Lux;Jumy Cao;Jumy121@gmail.com;NULL;NULL;NULL;NULL;NULL;NULL;0;{};2446086;--- [];0;0;35;0;0;1
674170;5528;5985;NULL;NULL;29/01/19 16:36;29/01/19 16:36;6154;6154;218659;0;0;NULL;Sputnik Premier Club;Alla Andryukhina;Alla122@gmail.com;NULL;NULL;NULL;NULL;NULL;NULL;0;{};2446087;--- [];0;0;35;0;0;1
674171;5528;5981;NULL;NULL;29/01/19 16:37;29/01/19 16:37;6154;6154;218660;0;0;NULL;Rosewood Beijing & Rosewood Phnom Penh;Joey Zhao;Joey58@gmail.com;NULL;NULL;NULL;NULL;NULL;NULL;0;"{6862"":""""}""";2445870;--- [];0;0;1;0;0;41
674172;5528;5981;NULL;NULL;29/01/19 16:36;29/01/19 16:36;6154;6154;218661;0;0;NULL;W Bali - Seminyak;Reza Jayusman;Reza59@gmail.com;NULL;NULL;NULL;NULL;NULL;NULL;0;"{6862"":""""}""";2445871;--- [];0;0;0;0;0;42
674173;5528;5981;NULL;NULL;29/01/19 16:37;29/01/19 16:37;6154;6154;218662;0;0;NULL;Potato Head Hotel;Bobby Bazemore;Bobby60@gmail.com;NULL;NULL;NULL;NULL;NULL;NULL;0;"{6862"":""""}""";2445872;--- [];0;0;0;0;0;42
674175;5528;5981;NULL;NULL;29/01/19 16:37;29/01/19 16:37;6154;6154;218663;0;0;NULL;Velaa Private Island Maldives;Inad Ibrahim;Inad61@gmail.com;NULL;NULL;NULL;NULL;NULL;NULL;0;"{6862"":""""}""";2445873;--- [];0;0;3;0;0;39
674178;5528;5981;NULL;NULL;29/01/19 16:37;29/01/19 16:37;6154;6154;218664;0;0;NULL;Villa Des Palmes;Jacques Guichandut;Jacques53@gmail.com;NULL;NULL;NULL;NULL;NULL;NULL;0;"{6862"":""""}""";2445866;--- [];0;0;0;0;0;42
674179;5528;5985;NULL;NULL;29/01/19 16:37;29/01/19 16:37;6154;6154;218665;0;0;NULL;Blueflower;Andrea Oschetti;Andrea110@gmail.com;NULL;NULL;NULL;NULL;NULL;NULL;0;{};2446082;--- [];0;0;36;0;0;0
674181;5528;5985;NULL;NULL;29/01/19 16:38;29/01/19 16:38;6154;6154;218667;0;0;NULL;Butterfield & Robinson;Brad Crockett;Brad102@gmail.com;NULL;NULL;NULL;NULL;NULL;NULL;0;{};2446077;--- [];0;0;35;0;0;1
674184;5528;5985;NULL;NULL;29/01/19 16:38;29/01/19 16:38;6154;6154;218668;0;0;NULL;Spectrum Holidays;Kunal Jain;Kunal84@gmail.com;NULL;NULL;NULL;NULL;NULL;NULL;0;{};2446072;--- [];0;0;36;0;0;0
674212;5528;5981;NULL;NULL;29/01/19 16:38;29/01/19 16:38;6154;6154;218670;0;0;NULL;The Apurva Kempinski Bali;Kadek Budiasa;Kadek104@gmail.com;NULL;NULL;NULL;NULL;NULL;NULL;0;"{6862"":""""}""";2445892;--- [];0;0;0;0;0;42
674214;5528;5981;NULL;NULL;29/01/19 16:38;29/01/19 16:38;6154;6154;218671;0;0;NULL;Devasom Khao Lak Beach Resort & Villas;Waraporn Atirak;Waraporn105@gmail.com;NULL;NULL;NULL;NULL;NULL;NULL;0;"{6862"":""""}""";2445893;--- [];0;0;0;0;0;42
674215;5528;5985;NULL;NULL;29/01/19 16:39;29/01/19 16:39;6154;6154;218672;0;0;NULL;Rakuten, Inc.;Nobuya Iwaki;Nobuya85@gmail.com;NULL;NULL;NULL;NULL;NULL;NULL;0;{};2446074;--- [];0;0;36;0;0;0
674216;5528;5981;NULL;NULL;29/01/19 16:39;29/01/19 16:39;6154;6154;218673;0;0;NULL;Sasayuri-Ann;Tetsuji Matsubayashi;Tetsuji111@gmail.com;NULL;NULL;NULL;NULL;NULL;NULL;0;"{6862"":""""}""";2445894;--- [];0;0;0;0;0;42
674217;5528;5985;NULL;NULL;29/01/19 16:39;29/01/19 16:39;6154;6154;218674;0;0;NULL;Creative Escapes;Jon Cunningham;Jon78@gmail.com;NULL;NULL;NULL;NULL;NULL;NULL;0;{};2446069;--- [];0;0;36;0;0;0
674218;5528;5981;NULL;NULL;29/01/19 16:39;29/01/19 16:39;6154;6154;218675;0;0;NULL;The Datai Langkawi;Celine Maginel;Celine97@gmail.com;NULL;NULL;NULL;NULL;NULL;NULL;0;"{6862"":""""}""";2445886;--- [];0;0;0;0;0;42
674220;5528;5981;NULL;NULL;29/01/19 16:39;29/01/19 16:39;6154;6154;218676;0;0;NULL;Joali Maldives;Sarah Forster;Sarah98@gmail.com;NULL;NULL;NULL;NULL;NULL;NULL;0;"{6862"":""""}""";2445887;--- [];0;0;0;0;0;42
674221;5528;5985;NULL;NULL;29/01/19 16:39;29/01/19 16:39;6154;6154;218677;0;0;NULL;Teresa Perez Tours;Fernando Pigoretti;Fernando73@gmail.com;NULL;NULL;NULL;NULL;NULL;NULL;0;{};2446063;--- [];0;0;36;0;0;0
674223;5528;5981;NULL;NULL;29/01/19 16:39;29/01/19 16:39;6154;6154;218679;0;0;NULL;Addicted to Maldives;Dianne Lechner;Dianne99@gmail.com;NULL;NULL;NULL;NULL;NULL;NULL;0;"{6862"":""""}""";2445888;--- [];0;0;0;0;0;42
674224;5528;5985;NULL;NULL;29/01/19 16:39;29/01/19 16:39;6154;6154;218680;0;0;NULL;Charlotte Travel;Charlotte Harris;Charlotte76@gmail.com;NULL;NULL;NULL;NULL;NULL;NULL;0;{};2446067;--- [];0;0;36;0;0;0
674225;5528;5981;NULL;NULL;29/01/19 16:39;29/01/19 16:39;6154;6154;218681;0;0;NULL;Alila Diwa Goa & Alila Fort Bishangarh;Taufik Rachman;Taufik100@gmail.com;NULL;NULL;NULL;NULL;NULL;NULL;0;"{6862"":""""}""";2445889;--- [];0;0;0;0;0;42
674226;5528;5985;NULL;NULL;29/01/19 16:39;29/01/19 16:39;6154;6154;218682;0;0;NULL;Derive Voyage;Peiyi Fang;Peiyi69@gmail.com;NULL;NULL;NULL;NULL;NULL;NULL;0;{};2446057;--- [];0;0;36;0;0;0
674227;5528;5981;NULL;NULL;29/01/19 16:40;29/01/19 16:40;6154;6154;218683;0;0;NULL;Lernidee Trains & Cruises;Verena Keller-Istwany;Verena93@gmail.com;NULL;NULL;NULL;NULL;NULL;NULL;0;"{6862"":""""}""";2445882;--- [];0;0;0;0;0;42
674228;5528;5981;NULL;NULL;29/01/19 16:40;29/01/19 16:40;6154;6154;218684;0;0;NULL;Discover Shikoku;Lauren Scharf;Lauren94@gmail.com;NULL;NULL;NULL;NULL;NULL;NULL;0;"{6862"":""""}""";2445883;--- [];0;0;0;0;0;42
674229;5528;5985;NULL;NULL;29/01/19 16:40;29/01/19 16:40;6154;6154;218685;0;0;NULL;Lightfoot Travel;Stephanie Wetherell;Stephanie74@gmail.com;NULL;NULL;NULL;NULL;NULL;NULL;0;{};2446064;--- [];0;0;36;0;0;0
674233;5528;5981;NULL;NULL;29/01/19 16:40;29/01/19 16:40;6154;6154;218687;0;0;NULL;Sofitel Legend Metropole Hanoi & Sofitel Luang Prabang;Anthony Slewka;Anthony95@gmail.com;NULL;NULL;NULL;NULL;NULL;NULL;0;"{6862"":""""}""";2445884;--- [];0;0;0;0;0;42
674234;5528;5981;NULL;NULL;29/01/19 16:40;29/01/19 16:40;6154;6154;218688;0;0;NULL;Palace Hotel Tokyo;Kentaro Kunisada;Kentaro96@gmail.com;NULL;NULL;NULL;NULL;NULL;NULL;0;"{6862"":""""}""";2445885;--- [];0;0;0;0;0;42
674236;5528;5985;NULL;NULL;29/01/19 16:40;29/01/19 16:40;6154;6154;218690;0;0;NULL;Black Tomato;Elizabeth Fuller;Elizabeth79@gmail.com;NULL;NULL;NULL;NULL;NULL;NULL;0;{};2446070;--- [];0;0;37;0;0;0
674237;5528;5981;NULL;NULL;29/01/19 16:40;29/01/19 16:40;6154;6154;218691;0;0;NULL;Amankora & Amanpuri;John Reed;John86@gmail.com;NULL;NULL;NULL;NULL;NULL;NULL;0;"{6862"":""""}""";2445878;--- [];0;0;0;0;0;42
674238;5528;5985;NULL;NULL;29/01/19 16:40;29/01/19 16:40;6154;6154;218692;0;0;NULL;S & L Journeys;Liora Manilof;Liora91@gmail.com;NULL;NULL;NULL;NULL;NULL;NULL;0;{};2446075;--- [];0;0;36;0;0;0
674239;5528;5985;NULL;NULL;29/01/19 16:40;29/01/19 16:40;6154;6154;218693;0;0;NULL;Limelight Access Lifestyle;Nadine Brady;Nadine77@gmail.com;NULL;NULL;NULL;NULL;NULL;NULL;0;{};2446068;--- [];0;0;36;0;0;0
674241;5528;5985;NULL;NULL;29/01/19 16:41;29/01/19 16:41;6154;6154;218694;0;0;NULL;RG - Private Travelling;Roland Galka;Roland83@gmail.com;NULL;NULL;NULL;NULL;NULL;NULL;0;{};2446071;--- [];0;0;36;0;0;0
674243;5528;5985;NULL;NULL;29/01/19 16:40;29/01/19 16:40;6154;6154;218696;0;0;NULL;Club Faune Voyages;France Baizet;France75@gmail.com;NULL;NULL;NULL;NULL;NULL;NULL;0;{};2446065;--- [];0;0;36;0;0;0
674250;5528;5985;NULL;NULL;29/01/19 16:41;29/01/19 16:41;6154;6154;218697;0;0;NULL;Global International Travel Services;Candy Rosenbaum;Candy70@gmail.com;NULL;NULL;NULL;NULL;NULL;NULL;0;{};2446058;--- [];0;0;36;0;0;0
674258;5528;5981;NULL;NULL;29/01/19 16:41;29/01/19 16:41;6154;6154;218698;0;0;NULL;Alila Villas Koh Russey;Marek Lenarcik;Marek139@gmail.com;NULL;NULL;NULL;NULL;NULL;NULL;0;"{6862"":""""}""";2445905;--- [];0;0;2;0;0;40
674259;5528;5981;NULL;NULL;29/01/19 16:41;29/01/19 16:41;6154;6154;218699;0;0;NULL;Pullman Bangkok Hotel G & Pullman Pattaya Hotel G;Rarin Panyarueang;Rarin146@gmail.com;NULL;NULL;NULL;NULL;NULL;NULL;0;"{6862"":""""}""";2445906;--- [];0;0;1;0;0;41
674260;5528;5981;NULL;NULL;29/01/19 16:41;29/01/19 16:41;6154;6154;218700;0;0;NULL;Khiri Travel Myanmar;Edwin Briels;Edwin116@gmail.com;NULL;NULL;NULL;NULL;NULL;NULL;0;"{6862"":""""}""";2445899;--- [];0;0;1;0;0;41
674264;5528;5981;NULL;NULL;29/01/19 16:42;29/01/19 16:42;6154;6154;218701;0;0;NULL;Waldorf Astoria Maldives Ithaafushi;Aaidah Majdhy;Aaidah117@gmail.com;NULL;NULL;NULL;NULL;NULL;NULL;0;"{6862"":""""}""";2445900;--- [];0;0;1;0;0;41
674272;5528;5981;NULL;NULL;29/01/19 16:42;29/01/19 16:42;6154;6154;218702;0;0;NULL;The Sanchaya;Jared Green;Jared136@gmail.com;NULL;NULL;NULL;NULL;NULL;NULL;0;"{6862"":""""}""";2445901;--- [];0;0;0;0;0;42
674275;5528;5981;NULL;NULL;29/01/19 16:42;29/01/19 16:42;6154;6154;218703;0;0;NULL;Banyan Tours;Jamshyd Sethna;Jamshyd137@gmail.com;NULL;NULL;NULL;NULL;NULL;NULL;0;"{6862"":""""}""";2445903;--- [];0;0;0;0;0;42
674276;5528;5981;NULL;NULL;29/01/19 16:42;29/01/19 16:42;6154;6154;218704;0;0;NULL;Twinpalms Phuket;Paritchawan Kraiponrak;Paritchawan112@gmail.com;NULL;NULL;NULL;NULL;NULL;NULL;0;"{6862"":""""}""";2445895;--- [];0;0;1;0;0;41
674277;5528;5985;NULL;NULL;29/01/19 16:42;29/01/19 16:42;6154;6154;218705;0;0;NULL;Cassis Travel Services;Michael Edwards;Michael71@gmail.com;NULL;NULL;NULL;NULL;NULL;NULL;0;{};2446059;--- [];0;0;36;0;0;0
674278;5528;5981;NULL;NULL;29/01/19 16:42;29/01/19 16:42;6154;6154;218706;0;0;NULL;BVLGARI Resort Bali;Melinda Taylor;Melinda113@gmail.com;NULL;NULL;NULL;NULL;NULL;NULL;0;"{6862"":""""}""";2445896;--- [];0;0;0;0;0;42
674279;5528;5985;NULL;NULL;29/01/19 16:43;29/01/19 16:43;6154;6154;218707;0;0;NULL;TravelManagers Australia;Luke Vaughan;Luke67@gmail.com;NULL;NULL;NULL;NULL;NULL;NULL;0;{};2446055;--- [];0;0;36;0;0;0
674280;5528;5981;NULL;NULL;29/01/19 16:43;29/01/19 16:43;6154;6154;218708;0;0;NULL;ALEXA Private Cruises;Clare Thompson;Clare114@gmail.com;NULL;NULL;NULL;NULL;NULL;NULL;0;"{6862"":""""}""";2445897;--- [];0;0;0;0;0;42
674281;5528;5985;NULL;NULL;29/01/19 16:43;29/01/19 16:43;6154;6154;218709;0;0;NULL;New Wave Travel;Paul Chin-Aleong;Paul56@gmail.com;NULL;NULL;NULL;NULL;NULL;NULL;0;{};2446051;--- [];0;0;35;0;0;1
674282;5528;5981;NULL;NULL;29/01/19 16:43;29/01/19 16:43;6154;6154;218710;0;0;NULL;MesaStila & The Edge;Sugeng Sugiantoro;Sugeng115@gmail.com;NULL;NULL;NULL;NULL;NULL;NULL;0;"{6862"":""""}""";2445898;--- [];0;0;1;0;0;41
674283;5528;5985;NULL;NULL;29/01/19 16:43;29/01/19 16:43;6154;6154;218711;0;0;NULL;Si Tu Me Dices Voy;Marta de la Torre;Marta41@gmail.com;NULL;NULL;NULL;NULL;NULL;NULL;0;{};2446046;--- [];0;0;36;0;0;0
674284;5528;5985;NULL;NULL;29/01/19 16:43;29/01/19 16:43;6154;6154;218712;0;0;NULL;Magellan Resort & Trust;Hiroshi Kuchiki;Hiroshi42@gmail.com;NULL;NULL;NULL;NULL;NULL;NULL;0;{};2446047;--- [];0;0;36;0;0;0
674285;5528;5981;NULL;NULL;29/01/19 16:43;29/01/19 16:43;6154;6154;218713;0;0;NULL;Lelewatu Resort Sumba;Devi Maharani;Devi101@gmail.com;NULL;NULL;NULL;NULL;NULL;NULL;0;"{6862"":""""}""";2445890;--- [];0;0;0;0;0;42
674286;5528;5985;NULL;NULL;29/01/19 16:43;29/01/19 16:43;6154;6154;218714;0;0;NULL;Lounge Couture/All Star Travel Group Newport Beach;Tiffany Bowne;Tiffany62@gmail.com;NULL;NULL;NULL;NULL;NULL;NULL;0;{};2446052;--- [];0;0;36;0;0;0
674287;5528;5981;NULL;NULL;29/01/19 16:43;29/01/19 16:43;6154;6154;218715;0;0;NULL;The Seminyak Beach Resort & Spa - Pool Villas & Suites;Pritha Razad;Pritha103@gmail.com;NULL;NULL;NULL;NULL;NULL;NULL;0;"{6862"":""""}""";2445891;--- [];0;0;1;0;0;41
674288;5528;5985;NULL;NULL;29/01/19 16:43;29/01/19 16:43;6154;6154;218716;0;0;NULL;The Appointment Group APAC;Linh Tran;Linh68@gmail.com;NULL;NULL;NULL;NULL;NULL;NULL;0;{};2446056;--- [];0;0;36;0;0;0
674295;5528;5985;NULL;NULL;29/01/19 16:44;29/01/19 16:44;6154;6154;218717;0;0;NULL;Sea to Summit Explorations;Cecily Mabasa;Cecily49@gmail.com;NULL;NULL;NULL;NULL;NULL;NULL;0;{};2446050;--- [];0;0;37;0;0;0
674303;5528;5985;NULL;NULL;29/01/19 16:44;29/01/19 16:44;6154;6154;218719;0;0;NULL;TopLiners;Dick Beng Julian W Phua;DickBengJulianW65@gmail.com;NULL;NULL;NULL;NULL;NULL;NULL;0;{};2446053;--- [];0;0;36;0;0;0
674304;5528;5985;NULL;NULL;29/01/19 16:44;29/01/19 16:44;6154;6154;218720;0;0;NULL;Asian Luxury;John Pieterse;John47@gmail.com;NULL;NULL;NULL;NULL;NULL;NULL;0;{};2446048;--- [];0;0;36;0;0;0
674308;5528;5985;NULL;NULL;29/01/19 16:44;29/01/19 16:44;6154;6154;218721;0;0;NULL;Ampersand Travel;Emily Gillman;Emily66@gmail.com;NULL;NULL;NULL;NULL;NULL;NULL;0;{};2446054;--- [];0;0;36;0;0;0
674309;5528;5985;NULL;NULL;29/01/19 16:44;29/01/19 16:44;6154;6154;218722;0;0;NULL;PYT Travel Design;Pei Ye Tjia;PeiYe72@gmail.com;NULL;NULL;NULL;NULL;NULL;NULL;0;{};2446061;--- [];0;0;35;0;0;1
674322;5528;5985;NULL;NULL;29/01/19 16:45;29/01/19 16:45;6154;6154;218723;0;0;NULL;Insider Journeys;Luke Mitchell;Luke48@gmail.com;NULL;NULL;NULL;NULL;NULL;NULL;0;{};2446049;--- [];0;0;36;0;0;0
674323;5528;5985;NULL;NULL;29/01/19 16:45;29/01/19 16:45;6154;6154;218724;0;0;NULL;Marie Art Travel;Margarita Dudykina;Margarita37@gmail.com;NULL;NULL;NULL;NULL;NULL;NULL;0;{};2446044;--- [];0;0;36;0;0;0
674324;5528;5981;NULL;NULL;29/01/19 16:45;29/01/19 16:45;6154;6154;218725;0;0;NULL;Alila Seminyak;Hitomi Minakawa;Hitomi165@gmail.com;NULL;NULL;NULL;NULL;NULL;NULL;0;"{6862"":""""}""";2445916;--- [];0;0;1;0;0;41
674325;5528;5985;NULL;NULL;29/01/19 16:45;29/01/19 16:45;6154;6154;218726;0;0;NULL;TraveliD;Wei Tao;Wei29@gmail.com;NULL;NULL;NULL;NULL;NULL;NULL;0;{};2446039;--- [];0;0;36;0;0;0
674326;5528;5985;NULL;NULL;29/01/19 16:45;29/01/19 16:45;6154;6154;218727;0;0;NULL;Luxury Escapes;Daniel Monk;Daniel25@gmail.com;NULL;NULL;NULL;NULL;NULL;NULL;0;{};2446035;--- [];0;0;36;0;0;0
674327;5528;5981;NULL;NULL;29/01/19 16:45;29/01/19 16:45;6154;6154;218728;0;0;NULL;Baglioni Resort Maldives;Alexa Ponchietti;Alexa171@gmail.com;NULL;NULL;NULL;NULL;NULL;NULL;0;"{6862"":""""}""";2445917;--- [];0;0;0;0;0;42
674328;5528;5985;NULL;NULL;29/01/19 16:46;29/01/19 16:46;6154;6154;218729;0;0;NULL;Paveway Explorer Holidays;Thomas Ng;Thomas26@gmail.com;NULL;NULL;NULL;NULL;NULL;NULL;0;{};2446036;--- [];0;0;36;0;0;0
674329;5528;5981;NULL;NULL;29/01/19 16:45;29/01/19 16:45;6154;6154;218730;0;0;NULL;People Make Places, Japan;Charles Spreckley;Charles172@gmail.com;NULL;NULL;NULL;NULL;NULL;NULL;0;"{6862"":""""}""";2445918;--- [];0;0;1;0;0;41
674330;5528;5985;NULL;NULL;29/01/19 16:45;29/01/19 16:45;6154;6154;218731;0;0;NULL;Tauck;Sanjith Mukund;Sanjith30@gmail.com;NULL;NULL;NULL;NULL;NULL;NULL;0;{};2446040;--- [];0;0;36;0;0;0
674331;5528;5981;NULL;NULL;29/01/19 16:46;29/01/19 16:46;6154;6154;218732;0;0;NULL;The Oberoi Bali;Sukesi Windyarini;Sukesi159@gmail.com;NULL;NULL;NULL;NULL;NULL;NULL;0;"{6862"":""""}""";2445911;--- [];0;0;0;0;0;42
674332;5528;5985;NULL;NULL;29/01/19 16:46;29/01/19 16:46;6154;6154;218733;0;0;NULL;ST World;Ryoichi Suzuki;Ryoichi39@gmail.com;NULL;NULL;NULL;NULL;NULL;NULL;0;{};2446045;--- [];0;0;36;0;0;0
674333;5528;5981;NULL;NULL;29/01/19 16:46;29/01/19 16:46;6154;6154;218734;0;0;NULL;L'Hotel Du Lac & Ryokan Kurashiki;Ritsuko Nakamura;Ritsuko160@gmail.com;NULL;NULL;NULL;NULL;NULL;NULL;0;"{6862"":""""}""";2445912;--- [];0;0;0;0;0;42
674334;5528;5985;NULL;NULL;29/01/19 16:46;29/01/19 16:46;6154;6154;218735;0;0;NULL;Dragon Blaze Journeys;Tony Liu;Tony35@gmail.com;NULL;NULL;NULL;NULL;NULL;NULL;0;{};2446042;--- [];0;0;36;0;0;0
674335;5528;5985;NULL;NULL;29/01/19 16:46;29/01/19 16:46;6154;6154;218736;0;0;NULL;8 Continents Travel;Vicky Liu;Vicky36@gmail.com;NULL;NULL;NULL;NULL;NULL;NULL;0;{};2446043;--- [];0;0;36;0;0;0
674336;5528;5981;NULL;NULL;29/01/19 16:46;29/01/19 16:46;6154;6154;218737;0;0;NULL;The Slate;Krystal Prakaikaew Na-Ranong;KrystalPrakaikaew162@gmail.com;NULL;NULL;NULL;NULL;NULL;NULL;0;"{6862"":""""}""";2445913;--- [];0;0;1;0;0;41
674337;5528;5985;NULL;NULL;29/01/19 16:46;29/01/19 16:46;6154;6154;218738;0;0;NULL;Alluring Asia;Daniel Tobey;Daniel28@gmail.com;NULL;NULL;NULL;NULL;NULL;NULL;0;{};2446038;--- [];0;0;35;0;0;1
674338;5528;5981;NULL;NULL;29/01/19 16:46;29/01/19 16:46;6154;6154;218739;0;0;NULL;CHAO Beijing;Will Xu;Will163@gmail.com;NULL;NULL;NULL;NULL;NULL;NULL;0;"{6862"":""""}""";2445914;--- [];0;0;0;0;0;42
674339;5528;5985;NULL;NULL;29/01/19 16:46;29/01/19 16:46;6154;6154;218740;0;0;NULL;The Black Rice Travel Co;Soontarut Wattanahongsiri;Soontarut31@gmail.com;NULL;NULL;NULL;NULL;NULL;NULL;0;{};2446041;--- [];0;0;36;0;0;0
674340;5528;5985;NULL;NULL;29/01/19 16:46;29/01/19 16:46;6154;6154;218741;0;0;NULL;Tidesquare / Privia Travel;David C L Chai;DavidCL27@gmail.com;NULL;NULL;NULL;NULL;NULL;NULL;0;{};2446037;--- [];0;0;36;0;0;0
674341;5528;5981;NULL;NULL;29/01/19 16:46;29/01/19 16:46;6154;6154;218742;0;0;NULL;Asia Safari Travel;Jean-Paul Duvergé;Jean-Paul147@gmail.com;NULL;NULL;NULL;NULL;NULL;NULL;0;"{6862"":""""}""";2445907;--- [];0;0;1;0;0;41
674342;5528;5981;NULL;NULL;29/01/19 16:46;29/01/19 16:46;6154;6154;218743;0;0;NULL;Hummingbird Travel;Alex Chambers;Alex154@gmail.com;NULL;NULL;NULL;NULL;NULL;NULL;0;"{6862"":""""}""";2445908;--- [];0;0;1;0;0;41
674344;5528;5981;NULL;NULL;29/01/19 16:46;29/01/19 16:46;6154;6154;218744;0;0;NULL;Heritage Suites Hotel;Nicolas Deus Menjivar;Nicolas155@gmail.com;NULL;NULL;NULL;NULL;NULL;NULL;0;"{6862"":""""}""";2445909;--- [];0;0;1;0;0;41
674350;5528;5981;NULL;NULL;29/01/19 16:47;29/01/19 16:47;6154;6154;218745;0;0;NULL;Wow Borneo;Gaye Thavisin;Gaye156@gmail.com;NULL;NULL;NULL;NULL;NULL;NULL;0;"{6862"":""""}""";2445910;--- [];0;0;0;0;0;42
674357;5528;5981;NULL;NULL;29/01/19 16:47;29/01/19 16:47;6154;6154;218746;0;0;NULL;Amilla Fushi & Huvafen Fushi;Nabeel Abdulla;Nabeel138@gmail.com;NULL;NULL;NULL;NULL;NULL;NULL;0;"{6862"":""""}""";2445904;--- [];0;0;1;0;0;41
674358;5528;5985;NULL;NULL;29/01/19 16:47;29/01/19 16:47;6154;6154;218747;0;0;NULL;Kudos Escapes;Tammy Roche;Tammy19@gmail.com;NULL;NULL;NULL;NULL;NULL;NULL;0;{};2446032;--- [];0;0;36;0;0;0
674359;5528;5985;NULL;NULL;29/01/19 16:47;29/01/19 16:47;6154;6154;218748;0;0;NULL;MyHimalaya;Rik Van Belle;Rik15@gmail.com;NULL;NULL;NULL;NULL;NULL;NULL;0;{};2446028;--- [];0;0;34;0;0;2
674360;5528;5985;NULL;NULL;29/01/19 16:47;29/01/19 16:47;6154;6154;218749;0;0;NULL;T-PERCENT%;Blair Aekyung Hong;BlairAekyung18@gmail.com;NULL;NULL;NULL;NULL;NULL;NULL;0;{};2446031;--- [];0;0;35;0;0;1
674364;5528;5985;NULL;NULL;29/01/19 16:47;29/01/19 16:47;6154;6154;218750;0;0;NULL;Original Senses - Bespoke Travel Experience;Dhvani Badheka;Dhvani12@gmail.com;NULL;NULL;NULL;NULL;NULL;NULL;0;{};2446026;--- [];0;0;36;0;0;0
674371;5528;5985;NULL;NULL;29/01/19 16:48;29/01/19 16:48;6154;6154;218751;0;0;NULL;Allure Travel;Catherine Thorburn;Catherine14@gmail.com;NULL;NULL;NULL;NULL;NULL;NULL;0;{};2446027;--- [];0;0;35;0;0;1
674375;5528;5985;NULL;NULL;29/01/19 16:48;29/01/19 16:48;6154;6154;218752;0;0;NULL;Earth Colors;Negumi Nozawa;Negumi10@gmail.com;NULL;NULL;NULL;NULL;NULL;NULL;0;{};2446024;--- [];0;0;36;0;0;0
674376;5528;5985;NULL;NULL;29/01/19 16:48;29/01/19 16:48;6154;6154;218753;0;0;NULL;Sun n Sea holidays;Wong Chi Wai;Wong16@gmail.com;NULL;NULL;NULL;NULL;NULL;NULL;0;{};2446029;--- [];0;0;36;0;0;0
674377;5528;5981;NULL;NULL;29/01/19 16:48;29/01/19 16:48;6154;6154;218754;0;0;NULL;Sequoia Yacht;Kevin Corcoran;Kevin183@gmail.com;NULL;NULL;NULL;NULL;NULL;NULL;0;"{6862"":""""}""";2445928;--- [];0;0;1;0;0;41
674379;5528;5981;NULL;NULL;29/01/19 16:48;29/01/19 16:48;6154;6154;218755;0;0;NULL;Authenticities Sri Lanka;Udaya Wickramage;Udaya185@gmail.com;NULL;NULL;NULL;NULL;NULL;NULL;0;"{6862"":""""}""";2445929;--- [];0;0;0;0;0;42
674380;5528;5985;NULL;NULL;29/01/19 16:48;29/01/19 16:48;6154;6154;218756;0;0;NULL;Swain Destinations;Ian Swain;Ian23@gmail.com;NULL;NULL;NULL;NULL;NULL;NULL;0;{};2446033;--- [];0;0;36;0;0;0
674381;5528;5981;NULL;NULL;29/01/19 16:48;29/01/19 16:48;6154;6154;218757;0;0;NULL;Bawah Reserve;John Petch;John186@gmail.com;NULL;NULL;NULL;NULL;NULL;NULL;0;"{6862"":""""}""";2445930;--- [];0;0;0;0;0;42
674382;5528;5985;NULL;NULL;29/01/19 16:49;29/01/19 16:49;6154;6154;218758;0;0;NULL;Asia Tours;Nathalie Coene;Nathalie24@gmail.com;NULL;NULL;NULL;NULL;NULL;NULL;0;{};2446034;--- [];0;0;36;0;0;0
674383;5528;5985;NULL;NULL;29/01/19 16:49;29/01/19 16:49;6154;6154;218759;0;0;NULL;A&S Travel;Sheri Fazleabas;Sheri17@gmail.com;NULL;NULL;NULL;NULL;NULL;NULL;0;{};2446030;--- [];0;0;35;0;0;1
674384;5528;5981;NULL;NULL;29/01/19 16:48;29/01/19 16:48;6154;6154;218760;0;0;NULL;Raffles Grand Hotel D'Angkor Siem Reap & Raffles Hotel Singapore;Amy Ang;Amy179@gmail.com;NULL;NULL;NULL;NULL;NULL;NULL;0;"{6862"":""""}""";2445924;--- [];0;0;0;0;0;42
674385;5528;5985;NULL;NULL;29/01/19 16:48;29/01/19 16:48;6154;6154;218761;0;0;NULL;On Style Tour;Wan-ting Ho;Wan-ting11@gmail.com;NULL;NULL;NULL;NULL;NULL;NULL;0;{};2446025;--- [];0;0;36;0;0;0
674386;5528;5981;NULL;NULL;29/01/19 16:49;29/01/19 16:49;6154;6154;218762;0;0;NULL;Brijrama Palace;Rajeev Kumar;Rajeev180@gmail.com;NULL;NULL;NULL;NULL;NULL;NULL;0;"{6862"":""""}""";2445925;--- [];0;0;0;0;0;42
674387;5528;5985;NULL;NULL;29/01/19 16:49;29/01/19 16:49;6154;6154;218763;0;0;NULL;Talisman Travel;Don Haagh;Don3@gmail.com;NULL;NULL;NULL;NULL;NULL;NULL;0;{};2446020;--- [];0;0;35;0;0;1
674388;5528;5981;NULL;NULL;29/01/19 16:49;29/01/19 16:49;6154;6154;218764;0;0;NULL;The Samadhi Royal Belum;Federico Asaro;Federico181@gmail.com;NULL;NULL;NULL;NULL;NULL;NULL;0;"{6862"":""""}""";2445926;--- [];0;0;0;0;0;42
674389;5528;5981;NULL;NULL;29/01/19 16:49;29/01/19 16:49;6154;6154;218765;0;0;NULL;Rascal Voyages;Steve Ebsworth;Steve173@gmail.com;NULL;NULL;NULL;NULL;NULL;NULL;0;"{6862"":""""}""";2445919;--- [];0;0;0;0;0;42
674390;5528;5981;NULL;NULL;29/01/19 16:49;29/01/19 16:49;6154;6154;218766;0;0;NULL;Wa Ale Resort;Holly Aye Kyaw;Holly174@gmail.com;NULL;NULL;NULL;NULL;NULL;NULL;0;"{6862"":""""}""";2445920;--- [];0;0;1;0;0;41
674403;5528;5981;NULL;NULL;29/01/19 16:50;29/01/19 16:50;6154;6154;218767;0;0;NULL;Glenburn Tea Estate & Boutique Hotel;Husna-Tara Prakash;Husna-Tara176@gmail.com;NULL;NULL;NULL;NULL;NULL;NULL;0;"{6862"":""""}""";2445921;--- [];0;0;0;0;0;42
674404;5528;5981;NULL;NULL;29/01/19 16:50;29/01/19 16:50;6154;6154;218768;0;0;NULL;The Warehouse Hotel;Elaine Luei;Elaine177@gmail.com;NULL;NULL;NULL;NULL;NULL;NULL;0;"{6862"":""""}""";2445922;--- [];0;0;0;0;0;42
674405;5528;5985;NULL;NULL;29/01/19 16:50;29/01/19 16:50;6154;6154;218769;0;0;NULL;EWTC (Emirates World Travel Cologne);Janine Tillmanns;Janine4@gmail.com;NULL;NULL;NULL;NULL;NULL;NULL;0;{};2446021;--- [];0;0;36;0;0;0
674406;5528;5981;NULL;NULL;29/01/19 16:50;29/01/19 16:50;6154;6154;218770;0;0;NULL;Amandari & Amanjiwo;Ian White;Ian178@gmail.com;NULL;NULL;NULL;NULL;NULL;NULL;0;"{6862"":""""}""";2445923;--- [];0;0;0;0;0;42
674407;5528;5985;NULL;NULL;29/01/19 16:50;29/01/19 16:50;6154;6154;218771;0;0;NULL;Travel Technology Services Co;Ramida Khon Khong;Ramida1@gmail.com;NULL;NULL;NULL;NULL;NULL;NULL;0;{};2446018;--- [];0;0;36;0;0;0
674408;5528;5981;NULL;NULL;29/01/19 16:50;29/01/19 16:50;6154;6154;218772;0;0;NULL;Tokyo Way;Carl Kay;Carl275@gmail.com;NULL;NULL;NULL;NULL;NULL;NULL;0;"{6862"":""""}""";2445986;--- [];0;0;0;0;0;42
674409;5528;5981;NULL;NULL;29/01/19 16:51;29/01/19 16:51;6154;6154;218773;0;0;NULL;Destination Asia;Katie Buxton;Katie270@gmail.com;NULL;NULL;NULL;NULL;NULL;NULL;0;"{6862"":""""}""";2445982;--- [];0;0;1;0;0;41
674410;5528;5981;NULL;NULL;29/01/19 16:51;29/01/19 16:51;6154;6154;218774;0;0;NULL;The Naka Phuket;Sutarat Usamanwet;Sutarat164@gmail.com;NULL;NULL;NULL;NULL;NULL;NULL;0;"{6862"":""""}""";2445915;--- [];0;0;0;0;0;42
674411;5528;5981;NULL;NULL;29/01/19 16:51;29/01/19 16:51;6154;6154;218775;0;0;NULL;Nomadic Expeditions Mongolia & Three Camel Lodge;Undraa Buyannemekh;Undraa271@gmail.com;NULL;NULL;NULL;NULL;NULL;NULL;0;"{6862"":""""}""";2445983;--- [];0;0;1;0;0;41
674414;5528;5981;NULL;NULL;29/01/19 16:51;29/01/19 16:51;6154;6154;218776;0;0;NULL;Shinta Mani - Bensley Collection;Jason Friedman;Jason276@gmail.com;NULL;NULL;NULL;NULL;NULL;NULL;0;"{6862"":""""}""";2445987;--- [];0;0;0;0;0;42
674423;5528;5985;NULL;NULL;29/01/19 16:51;29/01/19 16:51;6154;6154;218778;0;0;NULL;South American Viajes;Max Kusznir;Max2@gmail.com;NULL;NULL;NULL;NULL;NULL;NULL;0;{};2446019;--- [];0;0;33;0;0;3
674428;5528;5985;NULL;NULL;29/01/19 16:51;29/01/19 16:51;6154;6154;218779;0;0;NULL;The Lux Traveller;Marina Noble;Marina6@gmail.com;NULL;NULL;NULL;NULL;NULL;NULL;0;{};2446022;--- [];0;0;34;0;0;2
674429;5528;5985;NULL;NULL;29/01/19 16:51;29/01/19 16:51;6154;6154;218780;0;0;NULL;Latitudes - Journeys and Knowledge;Alexandre Cymbalista;Alexandre7@gmail.com;NULL;NULL;NULL;NULL;NULL;NULL;0;{};2446023;--- [];0;0;35;0;0;1
674430;5528;5981;NULL;NULL;29/01/19 16:51;29/01/19 16:51;6154;6154;218781;0;0;NULL;Life Butler Ltd.;Alexis Vincent;Alexis194@gmail.com;NULL;NULL;NULL;NULL;NULL;NULL;0;"{6862"":""""}""";2445939;--- [];0;0;0;0;0;42
674431;5528;5981;NULL;NULL;29/01/19 16:52;29/01/19 16:52;6154;6154;218782;0;0;NULL;Song Saa Private Island;Nonnie Warren;Nonnie274@gmail.com;NULL;NULL;NULL;NULL;NULL;NULL;0;"{6862"":""""}""";2445985;--- [];0;0;0;0;0;42
674432;5528;5981;NULL;NULL;29/01/19 16:51;29/01/19 16:51;6154;6154;218783;0;0;NULL;Mason Pattaya;Pornpun Ratanapitakkul;Pornpun195@gmail.com;NULL;NULL;NULL;NULL;NULL;NULL;0;"{6862"":""""}""";2445940;--- [];0;0;0;0;0;42
674433;5528;5981;NULL;NULL;29/01/19 16:52;29/01/19 16:52;6154;6154;218784;0;0;NULL;Dunia Baru Adventures;Mark Robba;Mark269@gmail.com;NULL;NULL;NULL;NULL;NULL;NULL;0;"{6862"":""""}""";2445981;--- [];0;0;0;0;0;42
674434;5528;5981;NULL;NULL;29/01/19 16:51;29/01/19 16:51;6154;6154;218785;0;0;NULL;Nam Nghi Phu Quoc Resort;Ha Minh Thu;HaMinh196@gmail.com;NULL;NULL;NULL;NULL;NULL;NULL;0;"{6862"":""""}""";2445941;--- [];0;0;0;0;0;42
674435;5528;5981;NULL;NULL;29/01/19 16:52;29/01/19 16:52;6154;6154;218786;0;0;NULL;REVĪVŌ Wellness Resorts;Amy Leung;Amy197@gmail.com;NULL;NULL;NULL;NULL;NULL;NULL;0;"{6862"":""""}""";2445942;--- [];0;0;0;0;0;42
674436;5528;5981;NULL;NULL;29/01/19 16:52;29/01/19 16:52;6154;6154;218787;0;0;NULL;China a la Carta;Diego Yang Fan;Diego272@gmail.com;NULL;NULL;NULL;NULL;NULL;NULL;0;"{6862"":""""}""";2445984;--- [];0;0;0;0;0;42
674437;5528;5981;NULL;NULL;29/01/19 16:52;29/01/19 16:52;6154;6154;218788;0;0;NULL;Ovolo Central & Ovolo Southside;Elaine Lam;Elaine191@gmail.com;NULL;NULL;NULL;NULL;NULL;NULL;0;"{6862"":""""}""";2445936;--- [];0;0;0;0;0;42
674438;5528;5981;NULL;NULL;29/01/19 16:52;29/01/19 16:52;6154;6154;218789;0;0;NULL;Neeleshwar Hermitage & Sukoon Houseboat;Altaf Chapri;Altaf192@gmail.com;NULL;NULL;NULL;NULL;NULL;NULL;0;"{6862"":""""}""";2445937;--- [];0;0;0;0;0;42
674440;5528;5981;NULL;NULL;29/01/19 16:52;29/01/19 16:52;6154;6154;218791;0;0;NULL;Travel Scope India;Mohan Narayanaswamy;Mohan193@gmail.com;NULL;NULL;NULL;NULL;NULL;NULL;0;"{6862"":""""}""";2445938;--- [];0;0;0;0;0;42
674446;5528;5981;NULL;NULL;29/01/19 16:52;29/01/19 16:52;6154;6154;218792;0;0;NULL;Amanpulo;Audeline Witjaksono;Audeline187@gmail.com;NULL;NULL;NULL;NULL;NULL;NULL;0;"{6862"":""""}""";2445931;--- [];0;0;0;0;0;42
674454;5528;5981;NULL;NULL;29/01/19 16:52;29/01/19 16:52;6154;6154;218793;0;0;NULL;Silolona Sojourns;Tresno Seery;Tresno188@gmail.com;NULL;NULL;NULL;NULL;NULL;NULL;0;"{6862"":""""}""";2445932;--- [];0;0;0;0;0;42
674455;5528;5981;NULL;NULL;29/01/19 16:53;29/01/19 16:53;6154;6154;218794;0;0;NULL;Sri Lanka Tailormade;Ishanth Gunewardene;Ishanth263@gmail.com;NULL;NULL;NULL;NULL;NULL;NULL;0;"{6862"":""""}""";2445976;--- [];0;0;0;0;0;42
674456;5528;5981;NULL;NULL;29/01/19 16:53;29/01/19 16:53;6154;6154;218795;0;0;NULL;Hotel Tugu Bali & Hotel Tugu Lombok;Lucienne Anhar;Lucienne189@gmail.com;NULL;NULL;NULL;NULL;NULL;NULL;0;"{6862"":""""}""";2445933;--- [];0;0;0;0;0;42
674458;5528;5981;NULL;NULL;29/01/19 16:53;29/01/19 16:53;6154;6154;218796;0;0;NULL;The Siam;Nick Downing;Nick267@gmail.com;NULL;NULL;NULL;NULL;NULL;NULL;0;"{6862"":""""}""";2445979;--- [];0;0;0;0;0;42
674459;5528;5981;NULL;NULL;29/01/19 16:53;29/01/19 16:53;6154;6154;218797;0;0;NULL;Taj Exotica Resort & Spa, Andamans & Taj Mahal Palace Hotel, Mumbai;Delna Jasoomoney;Delna190@gmail.com;NULL;NULL;NULL;NULL;NULL;NULL;0;"{6862"":""""}""";2445934;--- [];0;0;0;0;0;42
674460;5528;5981;NULL;NULL;29/01/19 16:53;29/01/19 16:53;6154;6154;218798;0;0;NULL;Casa de La Flora;Krit Setthagul;Krit240@gmail.com;NULL;NULL;NULL;NULL;NULL;NULL;0;"{6862"":""""}""";2445973;--- [];0;0;0;0;0;42
674461;5528;5981;NULL;NULL;29/01/19 16:53;29/01/19 16:53;6154;6154;218799;0;0;NULL;Reverie Siam;Pira Laohacharoensombat;Pira182@gmail.com;NULL;NULL;NULL;NULL;NULL;NULL;0;"{6862"":""""}""";2445927;--- [];0;0;0;0;0;42
674462;5528;5981;NULL;NULL;29/01/19 16:53;29/01/19 16:53;6154;6154;218800;0;0;NULL;Kudanil Explorer;Thibaud Epstein;Thibaud227@gmail.com;NULL;NULL;NULL;NULL;NULL;NULL;0;"{6862"":""""}""";2445968;--- [];0;0;0;0;0;42
674463;5528;5981;NULL;NULL;29/01/19 16:53;29/01/19 16:53;6154;6154;218801;0;0;NULL;JW Marriott Phu Quoc Emerald Bay;Ty Matthew Collins;TyMatthew228@gmail.com;NULL;NULL;NULL;NULL;NULL;NULL;0;"{6862"":""""}""";2445969;--- [];0;0;0;0;0;42
674465;5528;5981;NULL;NULL;29/01/19 16:53;29/01/19 16:53;6154;6154;218802;0;0;NULL;Bisma Eight Ubud;Sunil Alwani;Sunil241@gmail.com;NULL;NULL;NULL;NULL;NULL;NULL;0;"{6862"":""""}""";2445974;--- [];0;0;0;0;0;42
674466;5528;5981;NULL;NULL;29/01/19 16:54;29/01/19 16:54;6154;6154;218803;0;0;NULL;Azerai Can Tho;Pham Hung Cuong;PhamHung268@gmail.com;NULL;NULL;NULL;NULL;NULL;NULL;0;"{6862"":""""}""";2445980;--- [];0;0;0;0;0;42
674473;5528;5981;NULL;NULL;29/01/19 16:54;29/01/19 16:54;6154;6154;218806;0;0;NULL;Trisara;Panjama Leamsuwan;Panjama264@gmail.com;NULL;NULL;NULL;NULL;NULL;NULL;0;"{6862"":""""}""";2445977;--- [];0;0;0;0;0;42
674484;5528;5981;NULL;NULL;29/01/19 16:54;29/01/19 16:54;6154;6154;218807;0;0;NULL;Voyage Mischief;Eddie Widnall;Eddie265@gmail.com;NULL;NULL;NULL;NULL;NULL;NULL;0;"{6862"":""""}""";2445978;--- [];0;0;0;0;0;42
674487;5528;5981;NULL;NULL;29/01/19 16:55;29/01/19 16:55;6154;6154;218808;0;0;NULL;Samata Luxury Liveaboard;Michael Click;Michael208@gmail.com;NULL;NULL;NULL;NULL;NULL;NULL;0;"{6862"":""""}""";2445951;--- [];0;0;0;0;0;42
674488;5528;5981;NULL;NULL;29/01/19 16:54;29/01/19 16:54;6154;6154;218809;0;0;NULL;Gangtey Lodge Bhutan by Eastern Safaris;Khin Omar Win;KhinOmar239@gmail.com;NULL;NULL;NULL;NULL;NULL;NULL;0;"{6862"":""""}""";2445972;--- [];0;0;0;0;0;42
674490;5528;5981;NULL;NULL;29/01/19 16:54;29/01/19 16:54;6154;6154;218810;0;0;NULL;Soori Bali;Ghizlane Mrabat;Ghizlane242@gmail.com;NULL;NULL;NULL;NULL;NULL;NULL;0;"{6862"":""""}""";2445975;--- [];0;0;0;0;0;42
674491;5528;5981;NULL;NULL;29/01/19 16:54;29/01/19 16:54;6154;6154;218811;0;0;NULL;The Legian Bali;Stephanie Carrier;Stephanie209@gmail.com;NULL;NULL;NULL;NULL;NULL;NULL;0;"{6862"":""""}""";2445952;--- [];0;0;0;0;0;42
674493;5528;5981;NULL;NULL;29/01/19 16:55;29/01/19 16:55;6154;6154;218813;0;0;NULL;The Pavilions Bali;Simona Chimenti;Simona211@gmail.com;NULL;NULL;NULL;NULL;NULL;NULL;0;"{6862"":""""}""";2445954;--- [];0;0;0;0;0;42
674494;5528;5981;NULL;NULL;29/01/19 16:55;29/01/19 16:55;6154;6154;218814;0;0;NULL;Six Senses Duxton & Six Senses Uluwatu;Mona Kalalo;Mona229@gmail.com;NULL;NULL;NULL;NULL;NULL;NULL;0;"{6862"":""""}""";2445970;--- [];0;0;0;0;0;42
674496;5528;5981;NULL;NULL;29/01/19 16:55;29/01/19 16:55;6154;6154;218816;0;0;NULL;Aqua Indica, Ganges Voyager;Arjun Sinsinwar;Arjun210@gmail.com;NULL;NULL;NULL;NULL;NULL;NULL;0;"{6862"":""""}""";2445953;--- [];0;0;0;0;0;42
674497;5528;5981;NULL;NULL;29/01/19 16:55;29/01/19 16:55;6154;6154;218817;0;0;NULL;The Sukhothai Bangkok;Thomas Schmitt-Glaeser;Thomas204@gmail.com;NULL;NULL;NULL;NULL;NULL;NULL;0;"{6862"":""""}""";2445947;--- [];0;0;0;0;1;42
674499;5528;5981;NULL;NULL;29/01/19 16:55;29/01/19 16:55;6154;6154;218818;0;0;NULL;Tiger Mountain Pokhara Lodge;Jhalak Raj Chaudhary;JhalakRaj205@gmail.com;NULL;NULL;NULL;NULL;NULL;NULL;0;"{6862"":""""}""";2445948;--- [];0;0;0;0;0;42
674501;5528;5981;NULL;NULL;29/01/19 16:55;29/01/19 16:55;6154;6154;218820;0;0;NULL;Lifestyle Retreats;Jose Luis Calle;JoseLuis206@gmail.com;NULL;NULL;NULL;NULL;NULL;NULL;0;"{6862"":""""}""";2445949;--- [];0;0;0;0;0;42
674509;5528;5981;NULL;NULL;29/01/19 16:55;29/01/19 16:55;6154;6154;218821;0;0;NULL;Belmond - Asia;Karen Conlon;Karen207@gmail.com;NULL;NULL;NULL;NULL;NULL;NULL;0;"{6862"":""""}""";2445950;--- [];0;0;0;0;0;42
674515;5528;5981;NULL;NULL;29/01/19 16:55;29/01/19 16:55;6154;6154;218822;0;0;NULL;The Nautilus Maldives;Katherine Anthony;Katherine198@gmail.com;NULL;NULL;NULL;NULL;NULL;NULL;0;"{6862"":""""}""";2445943;--- [];0;0;0;0;0;42
674517;5528;5981;NULL;NULL;29/01/19 16:56;29/01/19 16:56;6154;6154;218824;0;0;NULL;Lamima;Dominique Gerardin;Dominique230@gmail.com;NULL;NULL;NULL;NULL;NULL;NULL;0;"{6862"":""""}""";2445971;--- [];0;0;0;0;0;42
674518;5528;5981;NULL;NULL;29/01/19 16:56;29/01/19 16:56;6154;6154;218825;0;0;NULL;The Strand Hotel & Cruise;Shwe Sin Ei;ShweSin199@gmail.com;NULL;NULL;NULL;NULL;NULL;NULL;0;"{6862"":""""}""";2445944;--- [];0;0;0;0;0;42
674519;5528;5981;NULL;NULL;29/01/19 16:56;29/01/19 16:56;6154;6154;218826;0;0;NULL;Elite Havens Luxury Villa Rentals Indonesia & Thailand;Claudia Bedard;Claudia225@gmail.com;NULL;NULL;NULL;NULL;NULL;NULL;0;"{6862"":""""}""";2445966;--- [];0;0;0;0;0;42
674520;5528;5981;NULL;NULL;29/01/19 16:56;29/01/19 16:56;6154;6154;218827;0;0;NULL;Dharma Adventures;Pawan Tuladhar;Pawan202@gmail.com;NULL;NULL;NULL;NULL;NULL;NULL;0;"{6862"":""""}""";2445945;--- [];0;0;0;0;0;42
674521;5528;5981;NULL;NULL;29/01/19 16:56;29/01/19 16:56;6154;6154;218828;0;0;NULL;Bhutan Spirit Sanctuary;Louk Lennaerts;Louk221@gmail.com;NULL;NULL;NULL;NULL;NULL;NULL;0;"{6862"":""""}""";2445962;--- [];0;0;0;0;0;42
674522;5528;5981;NULL;NULL;29/01/19 16:56;29/01/19 16:56;6154;6154;218829;0;0;NULL;Aqua Expeditions;Benjamin Seelos;Benjamin203@gmail.com;NULL;NULL;NULL;NULL;NULL;NULL;0;"{6862"":""""}""";2445946;--- [];0;0;0;0;0;42
674523;5528;5981;NULL;NULL;29/01/19 16:56;29/01/19 16:56;6154;6154;218830;0;0;NULL;Awei Pila;Frank Millard;Frank213@gmail.com;NULL;NULL;NULL;NULL;NULL;NULL;0;"{6862"":""""}""";2445957;--- [];0;0;0;0;0;42
674525;5528;5981;NULL;NULL;29/01/19 16:56;29/01/19 16:56;6154;6154;218831;0;0;NULL;Raffles Maldives Meradhoo;Janice Tan;Janice214@gmail.com;NULL;NULL;NULL;NULL;NULL;NULL;0;"{6862"":""""}""";2445958;--- [];0;0;0;0;0;42
674526;5528;5981;NULL;NULL;29/01/19 16:56;29/01/19 16:56;6154;6154;218832;0;0;NULL;Amanoi & Amantaka;Patrick Gauthier;Patrick222@gmail.com;NULL;NULL;NULL;NULL;NULL;NULL;0;"{6862"":""""}""";2445963;--- [];0;0;0;0;0;42
674527;5528;5981;NULL;NULL;29/01/19 16:57;29/01/19 16:57;6154;6154;218833;0;0;NULL;Capella Bangkok;Josephine Png;Josephine226@gmail.com;NULL;NULL;NULL;NULL;NULL;NULL;0;"{6862"":""""}""";2445967;--- [];0;0;0;0;0;42
674528;5528;5981;NULL;NULL;29/01/19 16:57;29/01/19 16:57;6154;6154;218834;0;0;NULL;The St. Regis Bali Resort & The St. Regis Langkawi;James Wharton;James223@gmail.com;NULL;NULL;NULL;NULL;NULL;NULL;0;"{6862"":""""}""";2445964;--- [];0;0;0;0;0;42
674529;5528;5981;NULL;NULL;29/01/19 16:57;29/01/19 16:57;6154;6154;218835;0;0;NULL;Misool;Marit Miners;Marit224@gmail.com;NULL;NULL;NULL;NULL;NULL;NULL;0;"{6862"":""""}""";2445965;--- [];0;0;0;0;0;42
674530;5528;5981;NULL;NULL;29/01/19 16:57;29/01/19 16:57;6154;6154;218836;0;0;NULL;EXO Travel;Nick Ghosh;Nick220@gmail.com;NULL;NULL;NULL;NULL;NULL;NULL;0;"{6862"":""""}""";2445961;--- [];0;0;0;0;0;42
674532;5528;5981;NULL;NULL;29/01/19 16:57;29/01/19 16:57;6154;6154;218838;0;0;NULL;Hotel G Singapore & Hotel G Yangon;Laurence Charlotte Neumann;LaurenceCharlotte212@gmail.com;NULL;NULL;NULL;NULL;NULL;NULL;0;"{6862"":""""}""";2445955;--- [];0;0;0;0;0;42
674533;5528;5981;NULL;NULL;29/01/19 16:57;29/01/19 16:57;6154;6154;218839;0;0;NULL;Viceroy Bali;Anthony Syrowatka;Anthony219@gmail.com;NULL;NULL;NULL;NULL;NULL;NULL;0;"{6862"":""""}""";2445959;--- [];0;0;0;0;0;42
;;;;;;;;;;;;;;;;;;;;;;;;;;;;;;;
;;;;;;;;;;;;;;;;;;;;;;;;;;;;;;;
;;;;;;;;;;;;;;;;;;;;;;;;;;;;;;;
;;;;;;;;;;;;;;;;;;;;;;;;;;;;;;;
;;;;;;;;;;;;;;;;;;;;;;;;;;;;;;;
;;;;;;;;;;;;;;;;;;;;;;;;;;;;;;;
;;;;;;;;;;;;;;;;;;;;;;;;;;;;;;;
;;;;;;;;;;;;;;;;;;;;;;;;;;;;;;;
;;;;;;;;;;;;;;;;;;;;;;;;;;;;;;;
;;;;;;;;;;;;;;;;;;;;;;;;;;;;;;;
;;;;;;;;;;;;;;;;;;;;;;;;;;;;;;;
;;;;;;;;;;;;;;;;;;;;;;;;;;;;;;;
;;;;;;;;;;;;;;;;;;;;;;;;;;;;;;;
;;;;;;;;;;;;;;;;;;;;;;;;;;;;;;;
;;;;;;;;;;;;;;;;;;;;;;;;;;;;;;;
;;;;;;;;;;;;;;;;;;;;;;;;;;;;;;;
;;;;;;;;;;;;;;;;;;;;;;;;;;;;;;;
;;;;;;;;;;;;;;;;;;;;;;;;;;;;;;;
;;;;;;;;;;;;;;;;;;;;;;;;;;;;;;;
;;;;;;;;;;;;;;;;;;;;;;;;;;;;;;;
;;;;;;;;;;;;;;;;;;;;;;;;;;;;;;;
;;;;;;;;;;;;;;;;;;;;;;;;;;;;;;;
;;;;;;;;;;;;;;;;;;;;;;;;;;;;;;;
;;;;;;;;;;;;;;;;;;;;;;;;;;;;;;;
;;;;;;;;;;;;;;;;;;;;;;;;;;;;;;;
;;;;;;;;;;;;;;;;;;;;;;;;;;;;;;;
;;;;;;;;;;;;;;;;;;;;;;;;;;;;;;;
;;;;;;;;;;;;;;;;;;;;;;;;;;;;;;;
;;;;;;;;;;;;;;;;;;;;;;;;;;;;;;;
;;;;;;;;;;;;;;;;;;;;;;;;;;;;;;;
;;;;;;;;;;;;;;;;;;;;;;;;;;;;;;;
;;;;;;;;;;;;;;;;;;;;;;;;;;;;;;;
;;;;;;;;;;;;;;;;;;;;;;;;;;;;;;;
;;;;;;;;;;;;;;;;;;;;;;;;;;;;;;;
;;;;;;;;;;;;;;;;;;;;;;;;;;;;;;;
;;;;;;;;;;;;;;;;;;;;;;;;;;;;;;;
;;;;;;;;;;;;;;;;;;;;;;;;;;;;;;;
;;;;;;;;;;;;;;;;;;;;;;;;;;;;;;;
;;;;;;;;;;;;;;;;;;;;;;;;;;;;;;;
;;;;;;;;;;;;;;;;;;;;;;;;;;;;;;;
;;;;;;;;;;;;;;;;;;;;;;;;;;;;;;;
;;;;;;;;;;;;;;;;;;;;;;;;;;;;;;;
;;;;;;;;;;;;;;;;;;;;;;;;;;;;;;;
;;;;;;;;;;;;;;;;;;;;;;;;;;;;;;;
;;;;;;;;;;;;;;;;;;;;;;;;;;;;;;;
;;;;;;;;;;;;;;;;;;;;;;;;;;;;;;;
;;;;;;;;;;;;;;;;;;;;;;;;;;;;;;;
;;;;;;;;;;;;;;;;;;;;;;;;;;;;;;;
;;;;;;;;;;;;;;;;;;;;;;;;;;;;;;;
;;;;;;;;;;;;;;;;;;;;;;;;;;;;;;;
;;;;;;;;;;;;;;;;;;;;;;;;;;;;;;;
;;;;;;;;;;;;;;;;;;;;;;;;;;;;;;;
;;;;;;;;;;;;;;;;;;;;;;;;;;;;;;;
;;;;;;;;;;;;;;;;;;;;;;;;;;;;;;;
;;;;;;;;;;;;;;;;;;;;;;;;;;;;;;;
;;;;;;;;;;;;;;;;;;;;;;;;;;;;;;;
;;;;;;;;;;;;;;;;;;;;;;;;;;;;;;;
;;;;;;;;;;;;;;;;;;;;;;;;;;;;;;;
;;;;;;;;;;;;;;;;;;;;;;;;;;;;;;;
;;;;;;;;;;;;;;;;;;;;;;;;;;;;;;;
;;;;;;;;;;;;;;;;;;;;;;;;;;;;;;;
;;;;;;;;;;;;;;;;;;;;;;;;;;;;;;;
;;;;;;;;;;;;;;;;;;;;;;;;;;;;;;;
;;;;;;;;;;;;;;;;;;;;;;;;;;;;;;;
;;;;;;;;;;;;;;;;;;;;;;;;;;;;;;;
;;;;;;;;;;;;;;;;;;;;;;;;;;;;;;;
;;;;;;;;;;;;;;;;;;;;;;;;;;;;;;;
;;;;;;;;;;;;;;;;;;;;;;;;;;;;;;;
;;;;;;;;;;;;;;;;;;;;;;;;;;;;;;;
;;;;;;;;;;;;;;;;;;;;;;;;;;;;;;;
;;;;;;;;;;;;;;;;;;;;;;;;;;;;;;;
;;;;;;;;;;;;;;;;;;;;;;;;;;;;;;;
;;;;;;;;;;;;;;;;;;;;;;;;;;;;;;;
;;;;;;;;;;;;;;;;;;;;;;;;;;;;;;;
;;;;;;;;;;;;;;;;;;;;;;;;;;;;;;;
;;;;;;;;;;;;;;;;;;;;;;;;;;;;;;;
;;;;;;;;;;;;;;;;;;;;;;;;;;;;;;;
;;;;;;;;;;;;;;;;;;;;;;;;;;;;;;;
;;;;;;;;;;;;;;;;;;;;;;;;;;;;;;;
;;;;;;;;;;;;;;;;;;;;;;;;;;;;;;;
;;;;;;;;;;;;;;;;;;;;;;;;;;;;;;;
;;;;;;;;;;;;;;;;;;;;;;;;;;;;;;;
;;;;;;;;;;;;;;;;;;;;;;;;;;;;;;;
;;;;;;;;;;;;;;;;;;;;;;;;;;;;;;;
;;;;;;;;;;;;;;;;;;;;;;;;;;;;;;;
;;;;;;;;;;;;;;;;;;;;;;;;;;;;;;;
;;;;;;;;;;;;;;;;;;;;;;;;;;;;;;;
;;;;;;;;;;;;;;;;;;;;;;;;;;;;;;;
;;;;;;;;;;;;;;;;;;;;;;;;;;;;;;;
;;;;;;;;;;;;;;;;;;;;;;;;;;;;;;;
;;;;;;;;;;;;;;;;;;;;;;;;;;;;;;;
;;;;;;;;;;;;;;;;;;;;;;;;;;;;;;;
;;;;;;;;;;;;;;;;;;;;;;;;;;;;;;;
;;;;;;;;;;;;;;;;;;;;;;;;;;;;;;;
;;;;;;;;;;;;;;;;;;;;;;;;;;;;;;;
;;;;;;;;;;;;;;;;;;;;;;;;;;;;;;;
;;;;;;;;;;;;;;;;;;;;;;;;;;;;;;;
;;;;;;;;;;;;;;;;;;;;;;;;;;;;;;;
;;;;;;;;;;;;;;;;;;;;;;;;;;;;;;;
;;;;;;;;;;;;;;;;;;;;;;;;;;;;;;;
;;;;;;;;;;;;;;;;;;;;;;;;;;;;;;;
;;;;;;;;;;;;;;;;;;;;;;;;;;;;;;;
;;;;;;;;;;;;;;;;;;;;;;;;;;;;;;;
;;;;;;;;;;;;;;;;;;;;;;;;;;;;;;;
;;;;;;;;;;;;;;;;;;;;;;;;;;;;;;;
;;;;;;;;;;;;;;;;;;;;;;;;;;;;;;;
;;;;;;;;;;;;;;;;;;;;;;;;;;;;;;;
;;;;;;;;;;;;;;;;;;;;;;;;;;;;;;;
;;;;;;;;;;;;;;;;;;;;;;;;;;;;;;;
;;;;;;;;;;;;;;;;;;;;;;;;;;;;;;;
;;;;;;;;;;;;;;;;;;;;;;;;;;;;;;;
;;;;;;;;;;;;;;;;;;;;;;;;;;;;;;;
;;;;;;;;;;;;;;;;;;;;;;;;;;;;;;;
;;;;;;;;;;;;;;;;;;;;;;;;;;;;;;;
;;;;;;;;;;;;;;;;;;;;;;;;;;;;;;;
;;;;;;;;;;;;;;;;;;;;;;;;;;;;;;;
;;;;;;;;;;;;;;;;;;;;;;;;;;;;;;;
;;;;;;;;;;;;;;;;;;;;;;;;;;;;;;;
;;;;;;;;;;;;;;;;;;;;;;;;;;;;;;;
;;;;;;;;;;;;;;;;;;;;;;;;;;;;;;;
;;;;;;;;;;;;;;;;;;;;;;;;;;;;;;;
;;;;;;;;;;;;;;;;;;;;;;;;;;;;;;;
;;;;;;;;;;;;;;;;;;;;;;;;;;;;;;;
;;;;;;;;;;;;;;;;;;;;;;;;;;;;;;;
;;;;;;;;;;;;;;;;;;;;;;;;;;;;;;;
;;;;;;;;;;;;;;;;;;;;;;;;;;;;;;;
;;;;;;;;;;;;;;;;;;;;;;;;;;;;;;;
;;;;;;;;;;;;;;;;;;;;;;;;;;;;;;;
;;;;;;;;;;;;;;;;;;;;;;;;;;;;;;;
;;;;;;;;;;;;;;;;;;;;;;;;;;;;;;;
;;;;;;;;;;;;;;;;;;;;;;;;;;;;;;;
;;;;;;;;;;;;;;;;;;;;;;;;;;;;;;;
;;;;;;;;;;;;;;;;;;;;;;;;;;;;;;;
;;;;;;;;;;;;;;;;;;;;;;;;;;;;;;;
;;;;;;;;;;;;;;;;;;;;;;;;;;;;;;;
;;;;;;;;;;;;;;;;;;;;;;;;;;;;;;;
;;;;;;;;;;;;;;;;;;;;;;;;;;;;;;;
;;;;;;;;;;;;;;;;;;;;;;;;;;;;;;;
;;;;;;;;;;;;;;;;;;;;;;;;;;;;;;;
;;;;;;;;;;;;;;;;;;;;;;;;;;;;;;;
;;;;;;;;;;;;;;;;;;;;;;;;;;;;;;;
;;;;;;;;;;;;;;;;;;;;;;;;;;;;;;;
;;;;;;;;;;;;;;;;;;;;;;;;;;;;;;;
;;;;;;;;;;;;;;;;;;;;;;;;;;;;;;;
;;;;;;;;;;;;;;;;;;;;;;;;;;;;;;;
;;;;;;;;;;;;;;;;;;;;;;;;;;;;;;;
;;;;;;;;;;;;;;;;;;;;;;;;;;;;;;;
;;;;;;;;;;;;;;;;;;;;;;;;;;;;;;;
;;;;;;;;;;;;;;;;;;;;;;;;;;;;;;;
;;;;;;;;;;;;;;;;;;;;;;;;;;;;;;;
;;;;;;;;;;;;;;;;;;;;;;;;;;;;;;;
;;;;;;;;;;;;;;;;;;;;;;;;;;;;;;;
;;;;;;;;;;;;;;;;;;;;;;;;;;;;;;;
;;;;;;;;;;;;;;;;;;;;;;;;;;;;;;;
;;;;;;;;;;;;;;;;;;;;;;;;;;;;;;;
;;;;;;;;;;;;;;;;;;;;;;;;;;;;;;;
;;;;;;;;;;;;;;;;;;;;;;;;;;;;;;;
;;;;;;;;;;;;;;;;;;;;;;;;;;;;;;;
;;;;;;;;;;;;;;;;;;;;;;;;;;;;;;;
;;;;;;;;;;;;;;;;;;;;;;;;;;;;;;;
;;;;;;;;;;;;;;;;;;;;;;;;;;;;;;;
;;;;;;;;;;;;;;;;;;;;;;;;;;;;;;;
;;;;;;;;;;;;;;;;;;;;;;;;;;;;;;;
;;;;;;;;;;;;;;;;;;;;;;;;;;;;;;;
;;;;;;;;;;;;;;;;;;;;;;;;;;;;;;;
;;;;;;;;;;;;;;;;;;;;;;;;;;;;;;;
;;;;;;;;;;;;;;;;;;;;;;;;;;;;;;;
;;;;;;;;;;;;;;;;;;;;;;;;;;;;;;;
;;;;;;;;;;;;;;;;;;;;;;;;;;;;;;;
;;;;;;;;;;;;;;;;;;;;;;;;;;;;;;;
;;;;;;;;;;;;;;;;;;;;;;;;;;;;;;;
;;;;;;;;;;;;;;;;;;;;;;;;;;;;;;;
;;;;;;;;;;;;;;;;;;;;;;;;;;;;;;;
;;;;;;;;;;;;;;;;;;;;;;;;;;;;;;;
;;;;;;;;;;;;;;;;;;;;;;;;;;;;;;;
;;;;;;;;;;;;;;;;;;;;;;;;;;;;;;;
;;;;;;;;;;;;;;;;;;;;;;;;;;;;;;;
;;;;;;;;;;;;;;;;;;;;;;;;;;;;;;;
;;;;;;;;;;;;;;;;;;;;;;;;;;;;;;;
;;;;;;;;;;;;;;;;;;;;;;;;;;;;;;;
;;;;;;;;;;;;;;;;;;;;;;;;;;;;;;;
;;;;;;;;;;;;;;;;;;;;;;;;;;;;;;;
;;;;;;;;;;;;;;;;;;;;;;;;;;;;;;;
;;;;;;;;;;;;;;;;;;;;;;;;;;;;;;;
;;;;;;;;;;;;;;;;;;;;;;;;;;;;;;;
;;;;;;;;;;;;;;;;;;;;;;;;;;;;;;;
;;;;;;;;;;;;;;;;;;;;;;;;;;;;;;;
;;;;;;;;;;;;;;;;;;;;;;;;;;;;;;;
;;;;;;;;;;;;;;;;;;;;;;;;;;;;;;;
;;;;;;;;;;;;;;;;;;;;;;;;;;;;;;;
;;;;;;;;;;;;;;;;;;;;;;;;;;;;;;;
;;;;;;;;;;;;;;;;;;;;;;;;;;;;;;;
;;;;;;;;;;;;;;;;;;;;;;;;;;;;;;;
;;;;;;;;;;;;;;;;;;;;;;;;;;;;;;;
;;;;;;;;;;;;;;;;;;;;;;;;;;;;;;;
;;;;;;;;;;;;;;;;;;;;;;;;;;;;;;;
;;;;;;;;;;;;;;;;;;;;;;;;;;;;;;;
;;;;;;;;;;;;;;;;;;;;;;;;;;;;;;;
;;;;;;;;;;;;;;;;;;;;;;;;;;;;;;;
;;;;;;;;;;;;;;;;;;;;;;;;;;;;;;;
;;;;;;;;;;;;;;;;;;;;;;;;;;;;;;;
;;;;;;;;;;;;;;;;;;;;;;;;;;;;;;;
;;;;;;;;;;;;;;;;;;;;;;;;;;;;;;;
;;;;;;;;;;;;;;;;;;;;;;;;;;;;;;;
;;;;;;;;;;;;;;;;;;;;;;;;;;;;;;;
;;;;;;;;;;;;;;;;;;;;;;;;;;;;;;;
;;;;;;;;;;;;;;;;;;;;;;;;;;;;;;;
;;;;;;;;;;;;;;;;;;;;;;;;;;;;;;;
;;;;;;;;;;;;;;;;;;;;;;;;;;;;;;;
;;;;;;;;;;;;;;;;;;;;;;;;;;;;;;;
;;;;;;;;;;;;;;;;;;;;;;;;;;;;;;;
;;;;;;;;;;;;;;;;;;;;;;;;;;;;;;;
;;;;;;;;;;;;;;;;;;;;;;;;;;;;;;;
;;;;;;;;;;;;;;;;;;;;;;;;;;;;;;;
;;;;;;;;;;;;;;;;;;;;;;;;;;;;;;;
;;;;;;;;;;;;;;;;;;;;;;;;;;;;;;;
;;;;;;;;;;;;;;;;;;;;;;;;;;;;;;;
;;;;;;;;;;;;;;;;;;;;;;;;;;;;;;;
;;;;;;;;;;;;;;;;;;;;;;;;;;;;;;;
;;;;;;;;;;;;;;;;;;;;;;;;;;;;;;;
;;;;;;;;;;;;;;;;;;;;;;;;;;;;;;;
;;;;;;;;;;;;;;;;;;;;;;;;;;;;;;;
;;;;;;;;;;;;;;;;;;;;;;;;;;;;;;;
;;;;;;;;;;;;;;;;;;;;;;;;;;;;;;;
;;;;;;;;;;;;;;;;;;;;;;;;;;;;;;;
;;;;;;;;;;;;;;;;;;;;;;;;;;;;;;;
;;;;;;;;;;;;;;;;;;;;;;;;;;;;;;;
;;;;;;;;;;;;;;;;;;;;;;;;;;;;;;;
;;;;;;;;;;;;;;;;;;;;;;;;;;;;;;;
;;;;;;;;;;;;;;;;;;;;;;;;;;;;;;;
;;;;;;;;;;;;;;;;;;;;;;;;;;;;;;;
;;;;;;;;;;;;;;;;;;;;;;;;;;;;;;;
;;;;;;;;;;;;;;;;;;;;;;;;;;;;;;;
;;;;;;;;;;;;;;;;;;;;;;;;;;;;;;;
;;;;;;;;;;;;;;;;;;;;;;;;;;;;;;;
;;;;;;;;;;;;;;;;;;;;;;;;;;;;;;;
;;;;;;;;;;;;;;;;;;;;;;;;;;;;;;;
;;;;;;;;;;;;;;;;;;;;;;;;;;;;;;;
;;;;;;;;;;;;;;;;;;;;;;;;;;;;;;;
;;;;;;;;;;;;;;;;;;;;;;;;;;;;;;;
;;;;;;;;;;;;;;;;;;;;;;;;;;;;;;;
;;;;;;;;;;;;;;;;;;;;;;;;;;;;;;;
;;;;;;;;;;;;;;;;;;;;;;;;;;;;;;;
;;;;;;;;;;;;;;;;;;;;;;;;;;;;;;;
;;;;;;;;;;;;;;;;;;;;;;;;;;;;;;;
;;;;;;;;;;;;;;;;;;;;;;;;;;;;;;;
;;;;;;;;;;;;;;;;;;;;;;;;;;;;;;;
;;;;;;;;;;;;;;;;;;;;;;;;;;;;;;;
;;;;;;;;;;;;;;;;;;;;;;;;;;;;;;;
;;;;;;;;;;;;;;;;;;;;;;;;;;;;;;;
;;;;;;;;;;;;;;;;;;;;;;;;;;;;;;;
;;;;;;;;;;;;;;;;;;;;;;;;;;;;;;;
;;;;;;;;;;;;;;;;;;;;;;;;;;;;;;;
;;;;;;;;;;;;;;;;;;;;;;;;;;;;;;;
;;;;;;;;;;;;;;;;;;;;;;;;;;;;;;;
;;;;;;;;;;;;;;;;;;;;;;;;;;;;;;;
;;;;;;;;;;;;;;;;;;;;;;;;;;;;;;;
;;;;;;;;;;;;;;;;;;;;;;;;;;;;;;;
;;;;;;;;;;;;;;;;;;;;;;;;;;;;;;;
;;;;;;;;;;;;;;;;;;;;;;;;;;;;;;;
;;;;;;;;;;;;;;;;;;;;;;;;;;;;;;;
;;;;;;;;;;;;;;;;;;;;;;;;;;;;;;;
;;;;;;;;;;;;;;;;;;;;;;;;;;;;;;;
;;;;;;;;;;;;;;;;;;;;;;;;;;;;;;;
;;;;;;;;;;;;;;;;;;;;;;;;;;;;;;;
;;;;;;;;;;;;;;;;;;;;;;;;;;;;;;;
;;;;;;;;;;;;;;;;;;;;;;;;;;;;;;;
;;;;;;;;;;;;;;;;;;;;;;;;;;;;;;;
;;;;;;;;;;;;;;;;;;;;;;;;;;;;;;;
;;;;;;;;;;;;;;;;;;;;;;;;;;;;;;;
;;;;;;;;;;;;;;;;;;;;;;;;;;;;;;;
;;;;;;;;;;;;;;;;;;;;;;;;;;;;;;;
;;;;;;;;;;;;;;;;;;;;;;;;;;;;;;;
;;;;;;;;;;;;;;;;;;;;;;;;;;;;;;;
;;;;;;;;;;;;;;;;;;;;;;;;;;;;;;;
;;;;;;;;;;;;;;;;;;;;;;;;;;;;;;;
;;;;;;;;;;;;;;;;;;;;;;;;;;;;;;;
;;;;;;;;;;;;;;;;;;;;;;;;;;;;;;;
;;;;;;;;;;;;;;;;;;;;;;;;;;;;;;;
;;;;;;;;;;;;;;;;;;;;;;;;;;;;;;;
;;;;;;;;;;;;;;;;;;;;;;;;;;;;;;;
;;;;;;;;;;;;;;;;;;;;;;;;;;;;;;;
;;;;;;;;;;;;;;;;;;;;;;;;;;;;;;;
;;;;;;;;;;;;;;;;;;;;;;;;;;;;;;;
;;;;;;;;;;;;;;;;;;;;;;;;;;;;;;;
;;;;;;;;;;;;;;;;;;;;;;;;;;;;;;;
;;;;;;;;;;;;;;;;;;;;;;;;;;;;;;;
;;;;;;;;;;;;;;;;;;;;;;;;;;;;;;;
;;;;;;;;;;;;;;;;;;;;;;;;;;;;;;;
;;;;;;;;;;;;;;;;;;;;;;;;;;;;;;;
;;;;;;;;;;;;;;;;;;;;;;;;;;;;;;;
;;;;;;;;;;;;;;;;;;;;;;;;;;;;;;;
;;;;;;;;;;;;;;;;;;;;;;;;;;;;;;;
;;;;;;;;;;;;;;;;;;;;;;;;;;;;;;;
;;;;;;;;;;;;;;;;;;;;;;;;;;;;;;;
;;;;;;;;;;;;;;;;;;;;;;;;;;;;;;;
;;;;;;;;;;;;;;;;;;;;;;;;;;;;;;;